IBOV;;CDB;puCdb;;PETR36;puPet;;CPLD26;puCp;;TAEE26;puTae;;ITSA24;puIt;;Selic2026;puSelic26;;Selic2028;puSelic28;;Pre2024Primeiro;pu24p;;Pre2024Segundo;pu24s;;Ipca2026;puIpca26;;;;
-0,008603325;;0,000347493;6373,4301;;0,000522208;803,5111506;;-0,010350867;920,2262422;;-0,00086037;1030,673345;;0,000359952;832,2487729;;0,000351525;11139,69752;;0,000401455;11047,38137;;0,000504411;811,105301;;0,000108741;773,587094;;-0,006127349;3016,08;;;;
-0,003925556;;0,000347493;6375,64482;;-0,000261764;803,9307509;;-0,003897087;910,7011025;;-0,003787649;1029,786585;;-0,000763799;832,5483422;;0,000379768;11143,61341;;0,00035869;11051,81639;;-0,001198625;809,458382;;-0,002158089;771,336337;;0,000369571;3004,08;;;;
-0,024227145;;0,000347493;6377,86031;;0,000717158;803,720311;;-0,000612321;907,1520212;;-0,007346576;1025,886115;;0,000358937;831,9124427;;0,000396915;11147,8454;;0,000408578;11055,78056;;-0,001560584;804,824756;;-0,001100412;765,840878;;-3,02265E-05;2994,77;;;;
0,005497209;;0,000347493;6380,07657;;0,000976185;804,2967053;;0,011907235;906,5965531;;-0,009060704;1018,349364;;0,000278724;832,2110466;;0,000330344;11152,27014;;0,000328147;11060,2977;;9,58392E-05;803,64436;;-0,000347011;763,667216;;0,000523942;2976,42;;;;
0,011401517;;0,000347493;6382,2936;;0,000893161;805,081848;;-0,009184492;917,3916114;;-0,001941882;1009,122402;;0,000917313;832,4430041;;0,000404982;11155,95422;;0,000596922;11063,9271;;0,004961905;804,049727;;0,006513764;763,750258;;-0,000426319;2977,52;;;;
-0,007524898;;0,000347493;6384,5114;;0,000699054;805,8009157;;-0,006297165;908,965835;;-0,005799218;1007,162805;;3,71E-05;833,2066147;;0,000331353;11160,47219;;0,000511361;11070,5314;;0,000397612;803,085973;;0,000906118;762,102017;;0,002182878;2977,43;;;;
0,017979412;;0,000347492;6386,72997;;0,000674867;806,3642137;;-0,00925999;903,2419273;;-0,008347496;1001,322049;;0,000655185;833,2375536;;0,000350516;11164,17024;;0,000473681;11076,19245;;8,88913E-05;801,83269;;0,00013368;761,263391;;0,001598408;2978,99;;;;
0,018379541;;0,000347492;6388,94931;;0,001095065;806,9084021;;0,002566191;894,8779165;;0,003313196;992,9635168;;0,000281825;833,7834781;;0,000396911;11168,08346;;0,000438051;11081,43903;;-0,002888455;801,909537;;-0,004585082;760,999224;;-8,02947E-05;2977,72;;;;
-0,001475687;;0,000347492;6391,16942;;0,000687474;807,792019;;-0,001244479;897,1743444;;0,001650539;996,2534;;0,000564111;834,018459;;0,000409011;11172,5162;;0,000461444;11086,29326;;0,000193874;805,888536;;0,00102849;765,956193;;-0,000946884;2984,22;;;;
0,013232297;;0,000347493;6393,3903;;0,000452877;808,3473552;;0,001571628;896,0578301;;0,000211849;997,8977552;;0,001317513;834,4889382;;0,000441279;11177,08588;;0,000413617;11091,40897;;0,003481278;806,208967;;0,004262483;766,65024;;0,000783678;2988,99;;;;
-0,0052145;;0,000347493;6395,61196;;0,000346963;808,7134368;;-0,008009301;897,4660999;;-0,009064222;998,1091589;;0,00030882;835,5883886;;0,000383792;11182,01809;;0,000692343;11095,99656;;0,003746588;806,280632;;0,004275663;766,752726;;0,003386586;2988,75;;;;
0,002826944;;0,000347493;6397,83439;;0,000366162;808,9940305;;-0,001067934;890,2780236;;-0,001771746;989,0620759;;-7,94E-05;835,846435;;0,000413033;11186,30966;;0,000522399;11103,67879;;0,000100884;803,951727;;-0,000199412;763,237102;;-0,001520821;2985,92;;;;
0,012611797;;0,000347492;6400,05759;;0,000681772;809,2902536;;0,004065752;889,3272658;;0,006737789;987,3097092;;-0,000409307;835,7800958;;0,000445294;11190,92997;;0,000449164;11109,47934;;0,00140792;804,107592;;0,001505194;764,022084;;0,005551436;2988,26;;;;
0,010013399;;0,000347492;6402,28156;;0,000667871;809,8420052;;0,005304978;892,9430503;;0,00593704;993,9619932;;0,000230409;835,4380055;;0,000437219;11195,91322;;0,000588432;11114,46932;;0,001285307;806,906914;;0,001489104;767,278715;;0,001644278;2998,38;;;;
-0,001427355;;0,000347493;6404,5063;;0,000118025;810,3828755;;-0,002794584;897,6800939;;-0,0049893;999,8631852;;0,000514655;835,6304981;;0,00041604;11200,80828;;0,000449129;11121,00943;;-0,00087138;809,930062;;-0,000179739;770,55934;;-0,001810711;2993,82;;;;
-0,009233793;;0,000347492;6406,73182;;0,000516931;810,4785207;;0,000661893;895,171451;;0,005333159;994,8745676;;0,000722253;836,0605592;;0,000489622;11205,46827;;0,000606643;11126,00419;;-0,005214237;810,011771;;-0,006031524;770,405681;;-0,002677803;3010,44;;;;
0,021043087;;0,000347492;6408,95811;;0,000581184;810,8974821;;-0,001293861;895,7639584;;-0,005155067;1000,180392;;0,000756507;836,6644061;;0,000460373;11210,95471;;0,000683793;11132,7537;;3,29784E-05;811,152203;;0,000263719;771,565291;;0,001599003;3015,39;;;;
0,009948869;;0,000347493;6411,18517;;0,000437792;811,3687624;;-0,001827001;894,6049647;;-0,002076864;995,0243949;;0,000529335;837,2973482;;0,000407956;11216,11593;;0,000418588;11140,3662;;0,000893331;812,194783;;0,001240085;772,714232;;-0,000478935;3009,93;;;;
0,011750185;;0,000347492;6413,41301;;7,23E-05;811,7239732;;-0,000502139;892,9705205;;0,003824393;992,9578643;;0,000355128;837,7405587;;0,00044423;11220,69162;;0,000628813;11145,02942;;0,003059373;811,487053;;0,003985949;772,575345;;0,00382999;3001,87;;;;
-0,006220454;;0,000347493;6415,64162;;0,000255529;811,7826216;;0,00138385;892,5221252;;0,000631069;996,7553249;;0,000382837;838,0380636;;0,000378726;11225,67619;;0,000496742;11152,03757;;0,002724595;807,255767;;0,003141264;767,915538;;0,00080882;3006,67;;;;
0,002083366;;0,000347492;6417,87101;;0,000489414;811,9900554;;0,001816402;893,7572422;;0,004474293;997,3843464;;0,000660499;838,3588954;;0,000366634;11229,92764;;0,000477432;11157,57726;;0,002993788;807,282389;;0,003544355;768,118052;;0,002099908;3005,23;;;;
0,009672525;;0,000347493;6420,10117;;0,000541719;812,3874549;;0,002831552;895,3806646;;0,003456366;1001,846936;;0,00023759;838,9126306;;0,000464367;11234,04491;;0,000622971;11162,90424;;-0,002107402;808,003559;;-0,003690048;769,070584;;0,005033845;3016,74;;;;
-0,011754235;;0,000347492;6422,33211;;0,000510677;812,8275408;;0,003763711;897,9159818;;0,005592632;1005,309685;;-0,00000434;839,1119481;;0,000374691;11239,26164;;0,000773122;11169,8584;;0,002138462;810,475543;;0,002700271;772,13606;;-0,000910959;3019,18;;;;
-0,001798794;;0,000401676;6424,56382;;0,000548517;813,2426331;;0,00764554;901,2954782;;0,006696568;1010,932012;;0,000179375;839,108303;;0,000427076;11243,47288;;0,000820666;11178,49407;;-0,002584822;812,683761;;-0,00275499;774,561543;;0,001234373;3025,52;;;;
0,004934557;;0,000401676;6427,14441;;0,000212193;813,6887107;;-0,003942363;908,186369;;-0,006151736;1017,701787;;-0,000129991;839,2588181;;0,000466153;11248,2747;;0,000573058;11187,66787;;-0,002510374;815,116764;;-0,002305734;777,306864;;-0,000138079;3040,75;;;;
-0,002244067;;0,000401675;6429,72604;;0,000562886;813,8613701;;0,002846289;904,605969;;0,005353523;1011,441154;;0,000769028;839,1497217;;0,000477229;11253,51812;;0,000441222;11194,07905;;-0,001444717;813,398985;;-0,002320925;774,438564;;-0,006868751;3037,98;;;;
0,002119019;;0,000401675;6432,3087;;0,000128066;814,3194815;;-0,005165348;907,1807394;;-0,0057493;1016,855928;;0,000258012;839,7950515;;0,000452042;11258,88863;;0,000548689;11199,01812;;-0,002189044;815,138408;;-0,001886838;776,529758;;0,001152158;3041,73;;;;
0,002046287;;0,000401676;6434,8924;;0,000413082;814,4237684;;-0,002891131;902,4948351;;-0,002661005;1011,009717;;0,000734982;840,011729;;0,00047722;11263,97812;;0,000494941;11205,1629;;-0,000457403;813,03142;;-0,000975939;774,390426;;-0,001326102;3041,31;;;;
0,008052217;;0,000401676;6437,47714;;0,000468859;814,7601926;;0,000201795;899,8856039;;-0,003007942;1008,319416;;0,000546386;840,6291222;;0,000453043;11269,35352;;0,000998697;11210,70879;;0,002833381;810,990407;;0,003077871;772,604888;;0,00180139;3020,42;;;;
0,002427762;;0,000401675;6440,06292;;0,000558742;815,1422;;-0,003152137;900,0671966;;0,00161036;1005,28645;;0,000604437;841,08843;;0,00048426;11274,45902;;0,00083626;11221,90489;;-0,000283393;809,818755;;0,000171522;770,81173;;0,00478956;3023,9;;;;
0,002309337;;0,000401675;6442,64973;;0,000620703;815,5976541;;0,000878837;897,2300613;;0,002654826;1006,905322;;0,000426327;841,5968148;;0,000453036;11279,91879;;0,001118577;11231,28932;;-0,000541093;808,046026;;-0,001385894;769,357333;;-0,002033015;3019,89;;;;
0,00811445;;0,000401675;6445,23758;;0,000826278;816,1038982;;0,003360324;898,0185803;;0,005434717;1009,578481;;0,002050784;841,95561;;0,00050036;11285,029;;0,001202047;11243,85238;;0,001179778;807,676423;;0,001604035;768,606487;;-0,001819596;3025,33;;;;
0,003056439;;0,000401675;6447,82647;;0,000720181;816,7782267;;-0,000792294;901,0362136;;-0,0011149;1015,065254;;0,000281184;843,6822791;;0,000548678;11290,67557;;0,001206462;11257,36802;;0,001125814;809,964878;;0,001736941;770,972159;;-0,001175647;3039,82;;;;
-0,014300227;;0,000401675;6450,4164;;0,000659816;817,3664546;;1,06E-05;900,3223277;;-0,003961505;1013,933558;;0,000980044;843,9195094;;0,000524496;11296,87052;;0,001480595;11270,94961;;-0,000192537;809,73534;;-0,000612595;771,104398;;0,001375407;3033,64;;;;
-0,005754245;;0,000401675;6453,00737;;0,000680711;817,9057663;;-0,00149139;900,3318721;;-0,003454236;1009,916855;;0,000684789;844,7465874;;0,000608026;11302,79568;;0,00040168;11287,63732;;0,00263048;809,297198;;0,003052145;770,035729;;-0,002862595;3028,12;;;;
-0,010215336;;0,000401676;6455,59938;;0,000800142;818,4625238;;0,003390736;898,9891259;;0,000975593;1006,428364;;0,00060914;845,3250607;;0,000848503;11309,66807;;0,000330032;11292,17134;;-0,001240597;810,251989;;-0,001957855;771,270893;;-0,001407261;3024,56;;;;
0,010423875;;0,000401676;6458,19244;;0,000414266;819,1174099;;-0,004902959;902,0373605;;-0,003062939;1007,410228;;0,000556009;845,839982;;0,000835226;11319,26436;;0,000335073;11295,89811;;4,63964E-06;811,164182;;-0,000495399;772,610545;;0,004847802;3028,72;;;;
-0,007890387;;0,000401676;6460,78654;;0,000767746;819,4567426;;0,00040631;897,6147083;;0,001109576;1004,324592;;0,00056576;846,3102762;;0,000598753;11328,71851;;0,000258364;11299,68305;;-0,002426962;811,008003;;-0,002767142;772,137248;;-0,00156414;3020,05;;;;
-0,003663537;;0,000401675;6463,38168;;0,000416624;820,0858775;;-0,000975027;897,9794185;;-0,001043;1005,438967;;0,000872118;846,7890851;;0,000410727;11335,50161;;0,000240173;11302,60248;;-0,003282301;813,141343;;-0,003930404;774,493923;;-0,002402766;3015,8;;;;
0,013911013;;0,000401675;6465,97786;;0,000532422;820,4275447;;0,000850095;897,103864;;0,000387325;1004,390294;;0,000223;847,5275853;;0,000430833;11340,15741;;0,000103854;11305,31707;;-0,002938399;812,132562;;-0,004443517;772,977576;;-0,000887885;3030,42;;;;
0,017945157;;0,000401676;6468,57508;;0,000320564;820,8643586;;-0,001231069;897,8664871;;-0,001562703;1004,779319;;0,000311299;847,7165836;;0,000441889;11345,04312;;0,000169408;11306,49117;;-0,002923618;812,13633;;-0,00400448;772,594644;;-0,004897653;3025,68;;;;
-6,84E-05;;0,000401675;6471,17335;;0,000384451;821,1274984;;-0,00074495;896,7611518;;-0,000244856;1003,209147;;0,000392825;847,9804772;;0,000629859;11350,05637;;0,000324911;11308,40658;;0,000362131;810,165306;;-0,001080424;770,456765;;0,000133291;3018,41;;;;
-0,006050247;;0,000401676;6473,77266;;0,000634385;821,443182;;-0,004073079;896,0931096;;-0,004003896;1002,963505;;0,000449328;848,3135852;;0,000417759;11357,20531;;0,000234998;11312,08081;;0,004112605;807,5061;;0,005428481;767,428559;;0,003918224;3015,73;;;;
-0,025113138;;0,000401675;6476,37302;;0,000505457;821,9642936;;-0,001686014;892,4432516;;-0,004223821;998,9477439;;0,000346989;848,6947566;;0,000449918;11361,94989;;2,78469E-05;11314,73913;;-0,002686944;805,133325;;-0,003226687;764,018477;;-0,00112508;3000,96;;;;
-0,003444179;;0,000401675;6478,97442;;0,000361164;822,3797616;;-0,003429108;890,93858;;-0,001924146;994,7283678;;0,000785822;848,9892446;;0,000426803;11367,06183;;0,000271295;11315,05421;;-0,002607263;802,779423;;-0,003208021;760,95898;;0,003990391;3001,36;;;;
0,024193832;;0,000401675;6481,57686;;0,000587868;822,6767754;;0,006120266;887,8834552;;0,007507293;992,8143653;;0,000294686;849,6563991;;0,000413738;11371,91332;;0,00034305;11318,12393;;-0,003006877;803,070134;;-0,004263671;760,136822;;-0,002763309;3013,12;;;;
-0,002075674;;0,000401676;6484,18035;;0,000461762;823,1604009;;0,00033602;893,317538;;0,000384359;1000,267713;;0,000419326;849,9067806;;0,000429816;11376,61832;;0,000426953;11322,0066;;0,0048629;806,372844;;0,005761539;764,26321;;0,003869396;3009,73;;;;
-0,017139388;;0,000401675;6486,78489;;0,000409994;823,5405047;;0,007300708;893,6177105;;-0,000991988;1000,652176;;8,09E-05;850,2631684;;0,000433835;11381,50818;;0,000396625;11326,84057;;-0,00066819;804,206165;;-0,000628383;761,797172;;0,000938827;3021,74;;;;
-0,016033991;;0,000401676;6489,39047;;0,000593292;823,8781512;;-0,006492533;900,141752;;-0,004333328;999,6595405;;0,00024345;850,3319583;;0,000429814;11386,44587;;0,000402691;11331,33308;;0,004507746;802,109388;;0,004213035;759,353311;;-0,002813841;3013,39;;;;
-0,008796489;;0,000401676;6491,9971;;0,000997572;824,3669514;;0,005412332;894,2975521;;0,002718799;995,3276876;;0,000631245;850,5389716;;0,000421776;11391,33993;;0,000473784;11335,89611;;0,00324359;799,697544;;0,004820643;756,115678;;0,004047202;3025,05;;;;
0,019778246;;0,000401675;6494,60478;;0,001480943;825,1893165;;0,004129772;899,1377872;;0,001044691;998,0337834;;0,00043592;851,0758698;;0,000417756;11396,14452;;0,000438401;11341,26687;;-0,001071265;803,586393;;-0,001549673;760,472068;;0,002605893;3027,89;;;;
0,017673516;;0,000437392;6497,2135;;0,000523916;826,4113744;;0,005610726;902,8510215;;0,005923211;999,0764207;;0,00044915;851,4468712;;0,000437851;11400,90533;;0,000479848;11346,2389;;0,00126955;803,049445;;0,002451773;759,9942;;0,00260241;3019,37;;;;
0,019725171;;0,000437392;6500,05533;;0,000772643;826,8443449;;-0,000719116;907,9166708;;0,007335411;1004,994161;;0,000528192;851,8292981;;0,000445428;11405,89722;;0,000515226;11351,68337;;0,000123027;806,669388;;0,000393867;763,196082;;0,005942771;3031,59;;;;
0,007371553;;0,000437393;6502,8984;;0,000262207;827,4832005;;-0,000931501;907,263773;;0,001815318;1012,366207;;0,000436399;852,2792277;;0,000442414;11410,97773;;0,000693118;11357,53205;;0,005814613;809,285893;;0,007596255;766,875178;;0,002593369;3039,49;;;;
0,009583083;;0,000437392;6505,74272;;0,000551169;827,7001722;;0,003768706;906,4186563;;0,00640994;1014,203974;;0,000569211;852,6511619;;0,000457485;11416,0261;;0,000503074;11365,40417;;0,003836867;808,418933;;0,005619634;765,686772;;0,013697917;3047,4;;;;
0,00162352;;0,000437393;6508,58828;;0,000440956;828,156375;;0,003888448;909,8346822;;0,006468589;1020,704961;;0,000521523;853,1364999;;0,000511738;11421,24875;;0,0004384;11371,12181;;0,001269415;809,445261;;0,001402091;767,564062;;0,007465753;3065,51;;;;
0,013637203;;0,000437392;6511,43509;;0,000811143;828,5215554;;0,013229463;913,3725269;;0,018231434;1027,307481;;0,000614193;853,5814304;;0,000535844;11427,09344;;0,00034948;11376,10691;;0,000694025;809,544845;;0,001588069;767,86638;;-0,000649926;3073,46;;;;
0,000169155;;0,000437393;6514,28314;;0,001049326;829,1936047;;0,006428512;925,455955;;0,007038187;1046,03677;;0,000537364;854,105694;;0,000488621;11433,21658;;0,000461643;11380,08264;;-0,002329036;814,252035;;-0,00358458;773,699289;;-0,004794726;3115,56;;;;
-0,00287759;;0,000437392;6517,13244;;0,000935557;830,0636989;;-0,000288746;931,4052596;;-0,002082154;1053,398972;;0,000486873;854,5646596;;0,000527793;11438,80309;;0,000390906;11385,33617;;0,002338921;817,376212;;0,002600799;778,047196;;-0,001470334;3138,82;;;;
0,010727339;;0,000437392;6519,98298;;0,000890395;830,8402707;;-0,000681601;931,1363198;;-0,001022973;1051,205633;;0,000510108;854,9807238;;0,000449443;11444,84041;;0,000444464;11389,78677;;0,003786542;818,413802;;0,005526445;779,138089;;-0,00023098;3136,78;;;;
0,002060021;;0,000437393;6522,83477;;0,000509167;831,5800466;;0,000535499;930,5016565;;-0,003336603;1050,130278;;0,000192751;855,4168561;;0,00043739;11449,98421;;0,00042021;11394,84912;;0,000622554;818,981802;;0,00073289;780,375414;;0,006853996;3121,74;;;;
-0,002158396;;0,000437393;6525,68781;;0,000887736;832,0034594;;-7,14E-05;930,9999394;;0,001752488;1046,62641;;0,000553142;855,5817387;;0,000355031;11454,99232;;0,00027974;11399,63735;;-0,00235078;817,074364;;-0,0035428;777,578096;;0,00018803;3117,15;;;;
0,013066806;;0,000437392;6528,5421;;0,00102593;832,7420591;;0,008371182;930,9334692;;0,010216889;1048,46061;;0,000442676;856,0549969;;0,000371096;11459,0592;;0,000174598;11402,82628;;-0,001526179;818,985436;;-0,002198986;779,60042;;-0,004352564;3116,43;;;;
-0,002383172;;0,000437392;6531,39763;;0,000609145;833,5963938;;0,004735105;938,7264828;;0,005069872;1059,172615;;0,000763527;856,4339523;;0,000399218;11463,31161;;0,000202837;11404,81719;;-0,000385862;822,086559;;-0,001584412;783,908839;;0,002265803;3137,79;;;;
-0,019740132;;0,000437392;6534,25441;;0,000265618;834,104175;;-0,00655985;943,171451;;-0,006503955;1064,542485;;0,001044485;857,0878628;;0,000414285;11467,88797;;0,000316041;11407,13051;;-0,003701294;822,598352;;-0,005054208;784,483358;;0,001456032;3138,38;;;;
-0,00554501;;0,000437392;6537,11244;;-0,000068537;834,3257282;;0,001729336;936,9843873;;0,001131276;1057,618749;;0,000807362;857,9830781;;0,000281679;11472,63894;;0,000297822;11410,73563;;-0,002691918;820,664604;;-0,003487551;781,70409;;-0,00216493;3124,72;;;;
0,005374873;;0,000437392;6539,97172;;0,000489788;834,2685461;;0,003850726;938,604748;;0,002658108;1058,815207;;-4,38E-05;858,6757814;;0,000197256;11475,87054;;0,000298814;11414,134;;-4,3394E-05;819,412123;;-3,81901E-05;779,985134;;-0,002156846;3131,8;;;;
-0,004552358;;0,000437393;6542,83225;;0,000308623;834,6771606;;-0,004844113;942,2190578;;-0,005264761;1061,629652;;0,000220571;858,6381683;;0,000329856;11478,13422;;0,000152106;11417,5447;;0,0002511;819,095943;;-0,000292227;778,749316;;-0,002561787;3136,36;;;;
-0,011468945;;0,000437393;6545,69404;;0,000715373;834,9347609;;-0,007787897;937,6548417;;-0,008864395;1056,040425;;0,000327797;858,8275592;;0,000282606;11481,92036;;0,000263337;11419,28138;;-0,000954005;816,064228;;-0,001745804;774,813355;;0,002882992;3129,57;;;;
-0,006956878;;0,000437393;6548,55708;;0,000551148;835,5320505;;5,53E-05;930,3524826;;0,000978159;1046,679266;;0,000304319;859,1090801;;0,000252424;11485,16522;;0,000287598;11422,2885;;0,002365937;813,86745;;0,002584282;772,111154;;-0,002570587;3122,82;;;;
0,005436433;;0,000437392;6551,42137;;0,000590625;835,9925524;;0,00545476;930,4038924;;0,001403149;1047,703084;;0,000839149;859,3705231;;0,000175977;11488,06435;;-4,96842E-06;11425,57352;;0,000450492;813,832133;;0,000458003;772,081667;;0,006633994;3114,82;;;;
-0,005133621;;0,000437393;6554,28691;;0,000486034;836,4863105;;-0,001300882;935,4790222;;-0,001133354;1049,173168;;8,83E-05;860,0916633;;0,000373025;11490,08598;;-0,000370752;11425,51676;;0,000654581;814,036486;;0,00102887;771,856044;;-0,000519697;3123,8;;;;
-0,004257645;;0,000437393;6557,15371;;0,000637016;836,8928716;;0,004826597;934,2620739;;0,004835886;1047,984083;;0,000645751;860,1676496;;0,000276468;11494,37207;;0,000411038;11421,28072;;7,57151E-06;813,259891;;-0,001074028;770,508535;;-0,001901232;3115,77;;;;
-0,005448238;;0,000437392;6560,02176;;0,000484022;837,4259856;;0,004568969;938,7713807;;0,001432175;1053,052015;;0,000589816;860,7231038;;0,000161767;11497,5499;;0,000463742;11425,97531;;0,002443672;815,184013;;0,00326051;772,499746;;0,002508909;3136,44;;;;
-0,006200076;;0,000437393;6562,89106;;0,000375275;837,8313185;;0,002507957;943,0605983;;0,000893533;1054,560169;;0,000437237;861,2307725;;0,000108362;11499,40982;;0,000906654;11431,27402;;-0,001554532;815,551247;;-0,00242142;772,853553;;0,000867153;3134,81;;;;
-0,028567043;;0,000437392;6565,76162;;0,000433945;838,145736;;-0,003674173;945,425754;;-0,00352809;1055,502454;;0,000455504;861,6073343;;0,000350828;11500,65592;;0,000625818;11441,63822;;0,003026199;816,085091;;0,003732;773,648719;;-0,000767658;3128,85;;;;
-0,00353467;;0,000437392;6568,63343;;0,000804555;838,5094452;;0,001463684;941,9520961;;0,002336538;1051,778546;;0,000436877;861,9998001;;0,000394105;11504,69067;;0,001069416;11448,7986;;-0,000231998;816,09127;;7,50039E-05;772,817799;;-0,000745933;3136,7;;;;
-0,022316639;;0,000437393;6571,5065;;0,000835401;839,1840719;;-0,003731047;943,3308163;;-0,000978064;1054,236066;;0,000384725;862,376388;;0,000320617;11509,22473;;0,000625663;11461,04213;;0,000534785;818,085529;;0,00055478;775,337579;;0,003595275;3139,42;;;;
0,010487263;;0,000437392;6574,38083;;0,000863619;839,885127;;0,00327502;939,8112043;;0,00286342;1053,204956;;0,000455551;862,7081656;;0,00037497;11512,91479;;0,00056693;11468,21288;;-0,001016737;816,813789;;-0,001649637;773,460161;;-0,003137377;3137,01;;;;
0,005240377;;0,000437392;6577,25641;;0,000620446;840,610468;;0,003048999;942,8891047;;0,0025229;1056,220724;;0,000479431;863,1011732;;0,000455513;11517,23178;;0,000503164;11474,71456;;0,000396607;819,28563;;0,000276998;776,346714;;-0,001100103;3134,67;;;;
-0,018612102;;0,000437392;6580,13325;;0,000525522;841,1320211;;-0,000701368;945,7639727;;-0,000724744;1058,885463;;0,0004999;863,5149709;;0,000516929;11522,47803;;0,000566905;11480,48822;;0,00196787;819,095557;;0,00236651;776,404943;;-0,000290492;3145,94;;;;
-0,011460365;;0,000437393;6583,01135;;0,000487605;841,5740542;;-0,001671254;945,1006441;;-0,004026827;1058,118042;;0,00032673;863,9466418;;0,000459538;11528,43434;;0,000642766;11486,99656;;-0,003851912;819,533597;;-0,005029154;776,835677;;0,005405992;3136,07;;;;
-0,001035823;;0,000437393;6585,89071;;0,000608595;841,9844102;;0,000270193;943,5211411;;-0,000548324;1053,857184;;0,00049704;864,2289188;;0,000473632;11533,73209;;0,00067105;11494,38001;;-0,001992462;818,700347;;-0,003373343;775,55418;;-0,004112887;3132,62;;;;
0,016966398;;0,000437393;6588,77133;;0,001078756;842,496838;;0,007224816;943,7760739;;0,007590984;1053,279328;;0,000421948;864,6584755;;0,000555172;11539,19484;;0,000625501;11502,09332;;0,001893867;819,025049;;0,002702868;775,769007;;-0,002305713;3131,71;;;;
-0,028006086;;0,000472792;6591,65321;;0,000436183;843,4056868;;-0,004411497;950,5946825;;-0,003892583;1061,274755;;0,000499042;865,0233167;;0,000526975;11545,60108;;0,000555707;11509,28789;;0,001812699;820,636784;;0,002770863;777,604872;;0,004171381;3148,64;;;;
-0,001839079;;0,000472793;6594,76969;;0,000574321;843,7735657;;-0,004094105;946,4011367;;-0,00440907;1057,143655;;0,000463793;865,4549999;;0,000586526;11551,68532;;0,000560755;11515,68368;;-0,002031821;817,475763;;-0,002629147;773,694177;;-0,003243663;3135,69;;;;
-0,017676307;;0,000472792;6597,88765;;0,000781765;844,2581624;;0,001132114;942,5264713;;0,000839808;1052,482635;;0,000681685;865,8563918;;0,000485873;11558,46068;;0,000716442;11522,14115;;-0,001164835;815,846974;;-0,001593056;771,084241;;0,00056845;3128,46;;;;
-0,001367346;;0,000472791;6601,00708;;0,000637542;844,9181737;;-0,001648601;943,5935183;;-0,003425765;1053,366518;;0,000929819;866,4466329;;0,000551288;11564,07663;;0,000560726;11530,3961;;9,61056E-05;817,39208;;-0,000285365;773,16838;;0,002681051;3141,51;;;;
0,012467372;;0,000472792;6604,12798;;0,00060761;845,4568446;;0,001265246;942,0379092;;0,001983136;1049,757932;;0,000270003;867,2522716;;0,000444613;11570,45177;;0,000618326;11536,86149;;0,002417382;818,873766;;0,003072435;775,310724;;0,001168232;3131,32;;;;
0,012405713;;0,000472793;6607,25036;;0,001020385;845,9705526;;0,004229092;943,2298186;;0,005334972;1051,839744;;0,000543473;867,4864321;;0,000437568;11575,59615;;0,000485927;11543,99504;;0,001524845;817,209961;;0,00173342;773,272318;;0,006819981;3133,1;;;;
0,011678622;;0,000472792;6610,37422;;-1,01E-05;846,8337678;;0,003568195;947,2188244;;0,004758893;1057,45128;;0,000510128;867,9578873;;0,000478828;11580,66126;;0,000548578;11549,60458;;0,000599312;816,258046;;0,00094348;772,040452;;-0,001651603;3141,5;;;;
0,012357836;;0,000472792;6613,49955;;0,000362674;846,8252217;;0,005737655;950,5986854;;0,003674215;1062,483578;;0,000698142;868,4006572;;0,000482854;11586,20641;;0,000577875;11555,94044;;0,002226361;816,336493;;0,002725441;771,820139;;0,001565767;3145,17;;;;
0,005007103;;0,000472792;6616,62636;;0,000377119;847,1323435;;-0,000715345;956,0528922;;0,001066283;1066,387371;;0,001607275;869,0069238;;0,000489898;11591,80085;;0,000433387;11562,61833;;0,001567592;818,30989;;0,002676326;774,191506;;-0,001354877;3166,62;;;;
-0,02334122;;0,000472792;6619,75465;;0,000838747;847,4518129;;-0,00063922;955,3689846;;0,000671182;1067,524442;;-0,00015155;870,4036565;;0,000489898;11597,47965;;0,000503101;11567,62942;;0,000854455;819,557686;;0,001163832;775,533505;;0,002767192;3161,39;;;;
0,007596026;;0,000472792;6622,88442;;0,000441131;848,1626102;;0,004011831;954,7582939;;0,003206606;1068,240946;;0,000506175;870,2717472;;0,000505999;11603,16123;;0,000318209;11573,4491;;-0,002831961;820,048857;;-0,003826385;776,265205;;-0,00363946;3166,34;;;;
0,013486207;;0,000472792;6626,01567;;0,000508029;848,5367609;;-0,000559733;958,5886224;;0,001132598;1071,666373;;0,000497328;870,712257;;0,000478828;11609,03241;;0,000410139;11577,13188;;0,000982108;821,874582;;0,000825733;778,38087;;-0,001978311;3162,05;;;;
0,016960764;;0,000472792;6629,1484;;0,000503735;848,9678418;;0,000828846;958,0520687;;-0,000561734;1072,880141;;0,000568967;871,1452869;;0,000452664;11614,59114;;0,000537466;11581,88011;;0,002755461;823,162946;;0,003791371;780,464071;;6,34315E-06;3170,8;;;;
0,002173281;;0,000472792;6632,28261;;0,0008467;849,3954968;;-0,007470876;958,8461465;;0,009618226;1072,277468;;0,00047131;871,6409401;;0,000470777;11619,84865;;0,000490979;11588,10498;;0,000506361;823,866302;;0,000154335;781,3724;;0,004383085;3159,26;;;;
-2,35E-05;;0,000472792;6635,4183;;0,000534081;850,1146796;;0,000898022;951,6827261;;-0,008439037;1082,590875;;0,001701168;872,0517534;;0,000475809;11625,31901;;0,000485926;11593,79449;;-0,002380706;821,533145;;-0,00359214;778,382568;;-0,000792586;3153,01;;;;
0,011870523;;0,000472793;6638,55547;;0,000820523;850,5687095;;0,00404525;952,537358;;0,006153222;1073,45485;;-0,000277503;873,5352601;;0,000481847;11630,85044;;0,000456623;11599,42822;;0,002111144;822,339979;;0,002490456;779,025304;;-0,003969232;3153,03;;;;
0,000481992;;0,000472792;6641,69413;;0,000414156;851,2666205;;-0,000493458;956,3906102;;-0,001341283;1080,060056;;0,000215723;873,2928514;;0,000486878;11636,45473;;0,000508157;11604,72478;;-0,000752202;824,605905;;-0,0015527;781,978878;;0,002795246;3166,85;;;;
-0,008112284;;0,000472793;6644,83427;;0,000450413;851,6191773;;-0,004307168;955,9186718;;-0,007099787;1078,61139;;0,000152228;873,4812411;;0,000467759;11642,12026;;0,000456623;11610,6218;;-0,000492382;825,023453;;-0,000987852;782,099565;;-0,000389168;3164,34;;;;
0,002835305;;0,000472792;6647,9759;;0,000519548;852,0027572;;0,007253205;951,80137;;0,006718517;1070,953479;;0,000536745;873,6142096;;0,000478828;11647,56597;;0,0004738;11615,92347;;0,000766979;823,059315;;0,000689794;779,290154;;0,001978249;3151,78;;;;
0,000112797;;0,000472793;6651,11901;;0,000356409;852,4454139;;-0,002803342;958,7049802;;-0,004165392;1078,148698;;0,000522925;874,083118;;0,000478828;11653,14314;;0,000456623;11621,4271;;-0,000215927;824,796912;;-0,000180073;781,230942;;0,002789352;3160,59;;;;
0,009237892;;0,000472792;6654,26361;;0,000450003;852,7492333;;-0,000378251;956,0174026;;0,000968739;1073,657786;;0,000518953;874,5401975;;0,000478828;11658,72299;;0,000479863;11626,73371;;-0,001271581;824,176498;;-0,002817234;780,017925;;-0,001581381;3159,36;;;;
-0,011473343;;0,000472792;6657,40969;;0,000422877;853,1329731;;0,002662573;955,655788;;0,003831416;1074,69788;;5,80E-05;874,9940426;;0,000482853;11664,30551;;0,000514219;11632,31295;;0,000312566;823,770688;;0,000313106;779,247383;;-0,000388084;3165,61;;;;
-0,008254913;;0,000472792;6660,55726;;0,000556153;853,4937432;;-0,000556366;958,2002914;;0,000555094;1078,815495;;0,00060937;875,0448069;;0,000467759;11669,93765;;0,000508155;11638,29451;;0,003580764;824,402503;;0,004472185;779,784903;;0,003367854;3174,44;;;;
-0,001074101;;0,000472792;6663,70632;;0,000427793;853,9684165;;-0,002741396;957,6671814;;0,002619643;1079,414339;;0,000349863;875,5780332;;0,000474802;11675,39636;;0,000570797;11644,20857;;0,00057411;824,224492;;0,000459763;779,644485;;0,001852865;3169,42;;;;
-0,015440619;;0,000472793;6666,85687;;0,000581494;854,3337385;;0,001988486;955,0418363;;-0,005786841;1082,242019;;0,000586495;875,8843655;;0,000493921;11680,93987;;0,000559675;11650,85505;;-0,003541928;823,176424;;-0,00478235;777,448044;;-0,003190203;3168,19;;;;
-0,011776981;;0,000472792;6670,00891;;0,00064087;854,8305288;;0,002090252;956,9409232;;-3,78E-05;1075,979257;;0,000566467;876,3980671;;0,000475809;11686,70934;;0,00052431;11657,37574;;-0,004498069;823,433721;;-0,005872266;777,691468;;0,001156055;3178,86;;;;
-0,015077818;;0,000472792;6673,16244;;0,000578784;855,3783644;;0,000501428;958,9411705;;-0,00177918;1075,938563;;0,000501718;876,8945179;;0,000512033;11692,26998;;0,000576835;11663,48782;;0,003619234;826,382243;;0,005477779;781,169448;;-0,000547469;3184,75;;;;
-0,027287718;;0,000472792;6676,31746;;0,000310877;855,8734438;;-0,003935434;959,4220101;;-0,003751784;1074,024274;;0,000464878;877,3344713;;0,000508007;11698,2568;;0,000581875;11670,21573;;0,00340997;826,856677;;0,005382186;781,528601;;0,006390641;3174,59;;;;
-0,005168708;;0,000472792;6679,47397;;0,000124411;856,1395152;;-0,000761242;955,6462682;;-0,000894468;1069,994767;;0,000488641;877,7423247;;0,000497944;11704,1996;;0,000661051;11677,00633;;0,000824659;823,92801;;0,001129384;777,791058;;0,002787145;3178,26;;;;
0,007172972;;0,000472793;6682,63197;;0,000532421;856,2460287;;0,007936582;954,9187903;;0,020301869;1069,037691;;0,0011908;878,1712256;;0,000508005;11710,02763;;0,000599426;11684,72543;;0,000606236;820,221925;;0,000773123;773,223662;;-0,000368091;3176,52;;;;
-0,028947079;;0,000490374;6685,79147;;0,000330153;856,7019119;;0,003101295;962,4975819;;-0,003840828;1090,741154;;0,000645824;879,2169517;;0,000516052;11715,97638;;0,000502486;11691,72956;;0,001792539;823,1905;;0,002880194;777,45921;;-0,003507513;3196,82;;;;
0,000296621;;0,000490375;6689,07001;;0,000458967;856,9847544;;-0,003941748;965,4825706;;-0,006895007;1086,551805;;0,000612305;879,7847713;;0,00056985;11722,02244;;0,000564075;11697,60449;;0,00186208;825,997555;;0,002398139;781,64364;;-0,003100231;3205,73;;;;
-0,001761174;;0,000490375;6692,35016;;0,000727711;857,3780823;;-0,002677425;961,6768819;;-0,003297892;1079,060022;;0,000384462;880,3234682;;0,000569843;11728,70223;;0,000559021;11704,20281;;-0,002970637;826,678721;;-0,004484935;782,526416;;0,002814592;3204,55;;;;
-0,001551095;;0,000490375;6695,63192;;0,000505909;858,0020054;;0,001841567;959,1020642;;0,002204727;1075,501399;;0,000453976;880,6619192;;0,000548713;11735,38575;;0,000571131;11710,74571;;-0,000301944;827,179883;;-0,000827243;783,131405;;0,000811309;3193,31;;;;
-0,014489358;;0,000490375;6698,91529;;0,000626934;858,4360764;;0,003942492;960,868315;;0,003915243;1077,872586;;0,000536682;881,0617183;;0,000587938;11741,82511;;0,000518634;11717,43408;;-0,003045178;828,662635;;-0,005007429;785,386975;;-0,004228535;3183,41;;;;
0,006032033;;0,000490375;6702,20027;;0,000395298;858,9742588;;-0,003296874;964,6565304;;-0,008094658;1082,092719;;0,000451584;881,5345685;;0,000587928;11748,72857;;0,000400533;11723,51114;;0,000661005;830,205671;;0,000955414;787,270442;;-0,003045781;3192,37;;;;
0,021208033;;0,000490375;6705,48686;;0,0003228;859,3138098;;-0,002953854;961,4761793;;-0,001334219;1073,333549;;0,000509052;881,9326557;;0,000546687;11755,63598;;0,000406582;11728,2068;;0,002995428;827,739431;;0,003564355;783,739585;;-0,000318435;3194,96;;;;
-0,001719534;;0,000490374;6708,77506;;9,96E-05;859,591196;;-0,006674435;958,6361192;;-0,006950555;1071,901487;;0,000584135;882,3816056;;0,000543667;11762,06263;;0,00049138;11732,97528;;0,001173589;827,4895;;0,001993083;783,091242;;0,004071592;3181,45;;;;
-0,009675882;;0,000490375;6712,06487;;0,000213869;859,6767909;;-0,001630091;952,2377647;;-0,001960031;1064,451177;;0,000350971;882,8970359;;0,000503442;11768,45727;;0,000496427;11738,74062;;-0,000857031;824,969647;;-0,001713386;779,169968;;-0,003037385;3171,76;;;;
-0,010810783;;0,000490375;6715,3563;;0,000557481;859,8606488;;0,005275534;950,6855305;;0,007893938;1062,364819;;0,000568967;883,2069071;;0,000477298;11774,38201;;0,000479265;11744,56806;;-0,000627937;825,514956;;-0,00147745;779,914398;;-0,00186201;3170,75;;;;
0,004159238;;0,000490375;6718,64934;;0,000474023;860,3400049;;-0,003803671;955,7009046;;-0,007230183;1070,751061;;0,000531271;883,709423;;0,00049942;11780,0019;;0,000463111;11750,19681;;5,47281E-05;827,987727;;0,000175811;782,69429;;-0,00070074;3183,66;;;;
-0,003480376;;0,000490375;6721,944;;0,000515313;860,7478262;;-0,002971719;952,065733;;-0,004312855;1063,009335;;0,000531493;884,1789126;;0,000470259;11785,88506;;0,000458063;11755,63846;;0,000958099;828,959444;;0,001615562;784,254265;;-0,001080275;3173,99;;;;
-0,003183224;;0,000490375;6725,24027;;0,000431167;861,1913808;;-0,002315926;949,2364611;;-0,002476822;1058,42473;;0,000590107;884,6488473;;0,000507464;11791,42749;;0,0004621;11761,02328;;-0,000939795;828,249;;-0,001868694;782,910535;;0,00121109;3168,08;;;;
0,004352569;;0,000490375;6728,53816;;0,000584755;861,5626979;;-0,00214358;947,0380993;;-0,003785127;1055,8032;;0,000679112;885,1708847;;0,000520536;11797,41122;;0,00049138;11766,45805;;-0,002985402;827,728912;;-0,004416708;781,753824;;-0,007248276;3165,86;;;;
0,020360608;;0,000490374;6731,83767;;0,000600205;862,0665014;;0,000612933;945,0080476;;0,000207756;1051,806851;;0,000722753;885,7720147;;0,00051048;11803,5522;;0,000434838;11772,23985;;0,003118777;827,774212;;0,0040635;781,891265;;-0,001854727;3162,44;;;;
-0,004462158;;0,000490374;6735,13879;;0,000525886;862,5839177;;-0,003713811;945,5872746;;-0,009872028;1052,02537;;0,000521449;886,4122092;;0,000535617;11809,57768;;0,000469166;11777,35887;;-0,000386316;828,567302;;-0,000248166;783,154459;;0,001612754;3166,27;;;;
-0,020637789;;0,000490375;6738,44153;;0,000433775;863,0375381;;-0,005321268;942,0755424;;-0,003596972;1041,639746;;0,000373669;886,8744277;;0,000517517;11815,90309;;0,000463107;11782,8844;;-0,000806323;827,788619;;-0,002011531;781,690983;;-0,002230673;3143,32;;;;
0,000463078;;0,000490374;6741,74589;;0,000569497;863,4119022;;0,002006364;937,0625057;;0,000717265;1037,892997;;0,000505548;887,2058248;;0,00052556;11822,01802;;0,00049138;11788,34114;;0,001969865;825,317337;;0,002642126;778,238482;;0,001160885;3137,49;;;;
-0,003861164;;0,000490374;6745,05187;;0,000527824;863,9036126;;-9,28E-05;938,9425942;;0,009364236;1038,637442;;0,000559636;887,6543495;;0,000509472;11828,23119;;0,000485321;11794,13369;;-0,002100235;827,891318;;-0,003249594;781,400854;;0,001952739;3142,55;;;;
-0,017974418;;0,000490375;6748,35947;;0,000480629;864,3596021;;-0,001404567;938,8554566;;-0,002194712;1048,363488;;0,000581912;888,1511131;;0,00050344;11834,25735;;0,000391412;11799,85763;;-0,000441168;827,57149;;-0,001080583;781,206937;;-0,007226633;3135,54;;;;
0,004508671;;0,000490375;6751,6687;;0,00033565;864,7750387;;0,00315464;937,5367713;;0,003668762;1046,062632;;0,000690436;888,6679393;;0,000510477;11840,21518;;0,000423718;11804,47624;;0,002453148;826,9042;;0,002913389;779,635515;;-0,004160022;3139,18;;;;
0,003803419;;0,000490375;6754,97955;;0,001513913;865,0653004;;-0,007860529;940,4943626;;-0,013880457;1049,900387;;0,000549467;889,2815075;;0,000513493;11846,25934;;0,00049744;11809,47801;;-0,000841988;828,53309;;-0,001381114;781,69541;;0,004251364;3145,31;;;;
0,013659226;;0,000490375;6758,29202;;0,001177468;866,3749343;;-0,003856913;933,1015792;;-0,006052982;1035,32729;;0,000573126;889,7701384;;0,000506455;11852,34231;;0,00049138;11815,35251;;0,002832639;826,792976;;0,003438328;779,155217;;0,00115601;3122,58;;;;
0,000435346;;0,000490375;6761,60612;;0,001540275;867,3950627;;0,003656147;929,5026879;;0,004489418;1029,060472;;0,00045513;890,2800892;;0,000499417;11858,34498;;0,000458052;11821,15834;;0,001478123;826,428221;;0,002200167;778,313275;;0,003092995;3109,59;;;;
0,007606134;;0,000490375;6764,92184;;0,000796982;868,7310899;;-0,00141045;932,9010865;;-0,002211561;1033,680355;;0,000357022;890,6852821;;0,00047328;11864,26725;;0,000469161;11826,57304;;-4,13037E-05;828,455572;;0,000249813;780,580804;;-0,001492304;3122,81;;;;
-0,001088111;;0,000490374;6768,23919;;0,000616436;869,4234528;;0,004560798;931,5852766;;0,014293142;1031,394308;;0,000460461;891,0032765;;0,000481322;11869,88237;;0,00050249;11832,1216;;0,001705811;827,758022;;0,002353705;779,502733;;-0,004649663;3126,42;;;;
0,013581528;;0,000490375;6771,55816;;0,000648496;869,9593965;;-0,00119249;935,834049;;-0,010252296;1046,136173;;0,000589941;891,413549;;0,000517513;11875,59561;;0,000535819;11838,06713;;0,002711096;830,102762;;0,003627217;782,182919;;0,003837207;3136,09;;;;
-0,00495473;;0,000490375;6774,87876;;0,000535829;870,5235615;;-0,003514649;934,7180767;;-0,005886436;1035,410876;;0,000543228;891,9394302;;0,000499417;11881,74139;;0,000519658;11844,41019;;0,002514829;831,329756;;0,003426569;783,903852;;0,00531512;3131,41;;;;
0,016675046;;0,000490375;6778,20099;;0,000516182;870,990013;;0,001898106;931,432871;;0,001568512;1029,315996;;0,00060981;892,4239566;;0,00050947;11887,67534;;0,000530766;11850,56523;;0,001519607;831,295419;;0,002498678;784,099681;;0,00536014;3116,85;;;;
0,011434711;;0,000490375;6781,52485;;0,000598964;871,4396025;;0,006917804;933,2008293;;0,011527975;1030,930491;;0,000634976;892,9681659;;0,000499417;11893,73176;;0,000402512;11856,85511;;-0,000158826;832,713452;;-0,000970448;785,94522;;0,001536856;3128,81;;;;
0,005536535;;0,000490375;6784,85034;;0,000576711;871,9615635;;0,005214062;939,6565296;;-0,001819034;1042,815031;;0,000781859;893,5351794;;0,000495396;11899,67169;;0,000340897;11861,62763;;0,000912892;834,971018;;0,001787577;788,796014;;-0,003779411;3145,44;;;;
-0,009107864;;0,000490375;6788,17746;;0,000625928;872,4644337;;-0,001023424;944,5559573;;-0,002165848;1040,918115;;0,000601741;894,2337978;;0,000517511;11905,56674;;0,000352996;11865,67123;;0,003752758;837,070827;;0,006696582;791,498878;;0,008021704;3162,3;;;;
0,011120656;;0,000490374;6791,50621;;0,00047297;873,0105339;;-0,002689614;943,5892762;;-0,003639498;1038,663645;;0,000500057;894,7718947;;0,000460214;11911,72801;;0,000387659;11869,85977;;0,000365058;838,342846;;0,000297858;793,476579;;0,012208772;3167,16;;;;
0,004013278;;0,000490375;6794,83659;;0,000581905;873,4234419;;0,002982654;941,0513854;;0,003560715;1034,88343;;0,000599109;895,2193317;;0,000470265;11917,20995;;0,000409873;11874,46123;;0,001718538;838,209695;;0,003130291;792,706551;;0,002283084;3155,19;;;;
0,020395424;;0,000507881;6798,16861;;0,000706401;873,9316915;;0,013383165;943,8582159;;0,020449685;1038,568355;;0,000829635;895,7556655;;0,000409949;11922,8142;;0,000497775;11879,32825;;7,09225E-06;838,97489;;-7,41265E-05;794,123575;;0,002872922;3180,5;;;;
0,005474852;;0,00050788;6801,62127;;0,000544939;874,5490377;;0,002652009;956,4900263;;0,00187205;1059,806751;;0,000605919;896,4988159;;0,000445548;11927,70195;;0,00048767;11885,24149;;0,000852047;842,12336;;0,000716244;799,441489;;-0,004567438;3219,33;;;;
0,018130507;;0,00050788;6805,07568;;0,000637322;875,0256134;;0,007575073;959,0266463;;0,009003237;1061,790762;;0,000547861;897,0420216;;0,000470679;11933,01631;;0,000564468;11891,03757;;0,00024776;842,430784;;-0,000348568;799,679609;;-0,002287989;3226,68;;;;
0,002346051;;0,00050788;6808,53184;;0,000451114;875,5832868;;-0,005064778;966,2913427;;-0,006674664;1071,350316;;0,00037932;897,5334763;;0,000509891;11938,63293;;0,000537183;11897,74968;;0,001820879;843,878533;;0,003536525;802,182839;;-0,004228639;3235,95;;;;
0,014526436;;0,000507881;6811,98976;;0,000559026;875,9782748;;0,000543593;961,3972918;;0,001806389;1064,199412;;0,000594419;897,8739284;;0,000509891;11944,72033;;0,000586693;11904,14095;;0,001061149;843,884518;;0,001680585;802,123376;;-0,000237484;3221,17;;;;
-0,004701089;;0,00050788;6815,44944;;0,000332731;876,4679698;;-0,004758202;961,9199004;;-0,005607146;1066,121771;;0,000549138;898,4076419;;0,000520951;11950,81084;;0,000548294;11911,12503;;0,000875173;844,603547;;0,000638808;802,697892;;0,005069621;3213,8;;;;
0,027792173;;0,00050788;6818,91087;;0,000363518;876,7595977;;0,004006081;957,3428912;;0,010282435;1060,14387;;0,000647873;898,900992;;0,000519945;11957,03662;;0,000564457;11917,65582;;-0,000827283;844,812806;;-0,001960988;802,418097;;-0,007015645;3200,21;;;;
0,002363718;;0,00050788;6822,37406;;0,000363303;877,0783155;;0,007564938;961,1780841;;0,008774333;1071,04473;;0,000644079;899,4833661;;0,000560162;11963,25363;;0,000569505;11924,38283;;-0,001263238;846,351108;;-0,001926173;805,255869;;0,001274619;3199,45;;;;
0,004193702;;0,00050788;6825,83901;;0,000389919;877,3969608;;-0,007829752;968,4493362;;-0,008448258;1080,442434;;0,000572181;900,0627043;;0,000569208;11969,95499;;0,000613949;11931,17382;;-0,001235282;847,249213;;-0,002607206;806,60917;;-0,002639826;3215,67;;;;
0,001761465;;0,00050788;6829,30572;;0,000387968;877,739075;;-0,003689315;960,8666177;;-0,000769066;1071,314577;;0,00050802;900,5777035;;0,000563172;11976,76839;;0,000548283;11938,49896;;0,00058879;847,990703;;0,000854202;807,124438;;0,002405339;3193,11;;;;
0,000875314;;0,00050788;6832,77419;;0,000406235;878,0796098;;0,001671165;957,3216785;;-0,001408801;1070,490665;;0,000534741;901,0352147;;0,00052698;11983,51337;;0,000525051;11945,04463;;0,001409132;847,289175;;0,002923913;805,541677;;-0,000610059;3197,18;;;;
-0,020389819;;0,00050788;6836,24442;;0,000443135;878,4363161;;-0,001085901;958,9215209;;-0,003840849;1068,982556;;0,000525771;901,5170351;;0,000538037;11989,82844;;0,00052606;11951,31638;;9,20928E-05;846,218847;;-0,000506745;803,990064;;0,002776682;3188,74;;;;
-0,008819162;;0,000507881;6839,71641;;0,00061745;878,8255816;;-0,001938931;957,880227;;-0,004539785;1064,876756;;0,000570746;901,9910266;;0,000565177;11996,27942;;0,00052;11957,6035;;-0,000509928;845,173528;;-0,001583659;801,893896;;-0,002837672;3196,41;;;;
0,021292346;;0,00050788;6843,19017;;0,000827993;879,3682124;;0,003568253;956,0229632;;0,008709821;1060,042444;;0,000752053;902,5058344;;0,000594323;12003,05944;;0,00052;11963,82145;;0,001919032;845,671158;;0,002697146;802,578875;;-0,000478987;3194,46;;;;
0,000366838;;0,000507881;6846,66569;;0,000626408;880,0963236;;-0,002162036;959,4342953;;-0,000783645;1069,275224;;0,000544157;903,1845669;;0,000635523;12010,19313;;0,00052101;11970,04264;;-0,000572444;846,86282;;-0,001451056;804,925546;;-0,003251157;3203,33;;;;
0,005621897;;0,00050788;6850,14298;;0,000510315;880,6476233;;-0,006187126;957,3599634;;-0,00518991;1068,437292;;0,000636618;903,6760414;;0,000548078;12017,82589;;0,000486671;11976,27914;;0,001324377;846,94081;;0,001516189;804,517654;;-0,002121087;3194,24;;;;
-0,010892648;;0,00050788;6853,62203;;0,000519864;881,0970312;;0,002281905;951,436657;;0,00429398;1062,892199;;0,000651564;904,2513375;;0,000515919;12024,41259;;0,00048162;11982,10765;;0,001892303;846,508931;;0,002584378;803,243572;;-0,003977226;3192,71;;;;
0,000245334;;0,000507881;6857,10285;;0,000510773;881,5550819;;-0,005901776;953,6077451;;-0,008955188;1067,456237;;0,000687239;904,8405152;;0,000512904;12030,61622;;0,00053717;11987,87848;;0,001719416;848,133409;;0,002882765;805,410037;;0,002731627;3182,33;;;;
-0,016851161;;0,000507881;6860,58544;;0,00055372;882,0053567;;-0,000270548;947,9797654;;0,001616479;1057,896965;;0,000522097;905,4623564;;0,00050989;12036,78677;;0,00051495;11994,31801;;0,00082996;847,6479;;0,001109178;804,241342;;0,005501972;3175,58;;;;
-0,008211489;;0,000507881;6864,0698;;0,000594218;882,4937405;;0,000254523;947,7232915;;-0,000764306;1059,607033;;0,000557241;905,9350958;;0,000498836;12042,92421;;0,00049273;12000,49448;;0,000737401;848,770505;;0,00124151;805,460724;;-0,000260266;3162,95;;;;
0,008081163;;0,000507881;6867,55593;;0,000739098;883,0181344;;0,005947731;947,9645087;;0,010577254;1058,797169;;0,000698228;906,4399203;;0,000540037;12048,93165;;0,00050889;12006,40749;;-0,002696205;850,376636;;-0,003968858;807,542339;;-0,000733954;3171,59;;;;
0,004157363;;0,000507881;6871,04383;;0,000539888;883,6707715;;0,001591766;953,602747;;0,003131887;1069,996335;;0,000601144;907,072822;;0,000467686;12055,43852;;0,00053111;12012,51743;;0,001373107;851,838787;;0,002618893;809,870294;;0,001227294;3189,04;;;;
0,012038558;;0,00050788;6874,5335;;0,000527464;884,1478544;;-0,001287118;955,1206598;;-0,003820462;1073,347442;;0,000584598;907,6181034;;0,000530993;12061,07667;;0,000526059;12018,8974;;0,001728313;852,545779;;0,002337127;810,768584;;0,001482861;3188,21;;;;
-0,021675875;;0,00050788;6878,02494;;0,000557381;884,6142107;;-0,002811271;953,8913071;;-0,005664454;1069,246759;;0,000291578;908,1486952;;0,000525968;12067,48101;;0,000525049;12025,22005;;-0,000272207;853,174447;;-0,000542751;811,775161;;0,001583967;3185,87;;;;
0,001382156;;0,000507881;6881,51815;;0,000844021;885,107278;;0,00438599;951,2096601;;0,003973681;1063,19006;;0,000704317;908,4134915;;0,000512904;12073,82812;;0,000526059;12031,53388;;-0,001241993;850,874114;;-0,002413613;808,553341;;-0,003966158;3189,78;;;;
0,021697063;;0,00050788;6885,01314;;0,000869955;885,8543271;;-0,000501892;955,3816557;;-0,000284933;1067,414839;;0,000647483;909,0533024;;0,000512904;12080,02084;;0,000525048;12037,86317;;0,00079904;852,042455;;0,000793034;810,670856;;-0,00321945;3194,51;;;;
0,009713087;;0,000507881;6888,5099;;0,000606881;886,6249802;;-0,001549188;954,9021577;;-0,003172101;1067,110697;;0,000709949;909,6418991;;0,000519938;12086,21673;;0,000514949;12044,18363;;-0,000692785;853,515051;;-0,001544195;812,565497;;0,000185732;3199,57;;;;
-0,022964232;;0,000507881;6892,00844;;0,000580633;887,1630557;;-0,002834787;953,4228344;;0,00149726;1063,725714;;0,000542574;910,2876987;;0,000515919;12092,50082;;0,000531107;12050,38578;;0,000438439;853,282718;;0,000722727;812,124476;;0,000100717;3186,88;;;;
-0,002233605;;0,00050788;6895,50876;;0,000573515;887,6781715;;-0,000679316;950,7200834;;-0,001670261;1065,318387;;0,000573832;910,781597;;0,000529986;12098,73957;;0,000525048;12056,78583;;0,000469164;852,222947;;0,001125044;810,164322;;-0,000185679;3176,62;;;;
-0,005387777;;0,00050788;6899,01085;;0,000498262;888,187268;;-0,00311239;950,0742445;;-0,006184522;1063,539028;;0,000547809;911,3042327;;0,000506875;12105,15173;;0,000553323;12063,11621;;0,000363922;852,903907;;0,000492646;810,80681;;0,002027108;3177,21;;;;
-0,006078348;;0,00050788;6902,51472;;0,000545729;888,6298177;;0,004388268;947,1172426;;0,003228823;1056,961547;;0,000569193;911,803453;;0,000511899;12111,28753;;0,000525047;12069,79101;;0,002289212;852,313028;;0,003524054;809,554766;;0,00312875;3177,53;;;;
0,023251643;;0,00050788;6906,02037;;0,000583132;889,1147688;;0,003292725;951,2734473;;0,005881654;1060,374289;;0,000609926;912,3224449;;0,000516923;12117,48729;;0,000558369;12076,12821;;0,003860108;852,686715;;0,005248221;810,139853;;0,003864293;3176,94;;;;
0,006200033;;0,00050788;6909,5278;;0,000509263;889,6332404;;0,000738693;954,4057291;;0,002321203;1066,611043;;0,002287408;912,8788941;;0,000519937;12123,7511;;0,000536152;12082,87115;;3,78186E-05;853,086765;;-0,000544312;811,051296;;-0,00063949;3183,38;;;;
-0,005112565;;0,000507881;6913,03701;;0,000570411;890,0862975;;0,001871871;955,1107422;;0,003116092;1069,086864;;-0,000214095;914,9670202;;0,00052898;12130,05469;;0,000589666;12089,34941;;-0,000858092;853,397222;;-0,00256074;811,450857;;-0,005677934;3193,34;;;;
0,018807297;;0,000507881;6916,54801;;0,000544288;890,5940128;;0,006796314;956,8985863;;0,006866072;1072,418238;;0,000764934;914,7711298;;0,000534004;12136,47126;;0,000568457;12096,47809;;0,002363002;855,350829;;0,003963754;814,310454;;0,005694661;3205,68;;;;
-0,020467706;;0,00050788;6920,06079;;0,000434712;891,0787527;;-0,003426311;963,4019697;;-0,004332532;1079,781539;;0,000485871;915,4708696;;0,000550079;12142,95218;;0,000542205;12103,35442;;-0,000773646;858,652576;;-0,00139953;818,584135;;-0,007323057;3203,63;;;;
-0,023191992;;0,000507881;6923,57535;;0,000443535;891,4661151;;-0,004799277;960,1010545;;-0,006685951;1075,103351;;0,000504943;915,91567;;0,000532997;12149,63176;;0,000497785;12109,91692;;0,000803276;858,685049;;0,000591341;818,13857;;-0,001345861;3185,44;;;;
-0,006830529;;0,00050788;6927,0917;;0,000634578;891,8615116;;0,001897654;955,4932638;;0,003570721;1067,915262;;0,00103516;916,3781551;;0,000551081;12156,10748;;0,000525042;12115,94505;;0,001425147;857,948218;;0,002528114;816,04353;;0,002097083;3203,58;;;;
0,00066472;;0,00050788;6930,60983;;0,000476163;892,4274672;;-0,003395777;957,3064592;;-0,003014343;1071,728489;;0,000905264;917,326753;;0,000567153;12162,80647;;0,000498794;12122,30643;;0,00107242;859,975551;;0,001574335;819,278126;;0,006708562;3180,12;;;;
-0,007230987;;0,000507881;6934,12975;;0,000554196;892,8524086;;0,000145877;954,0556602;;0,002128208;1068,497932;;0,001248015;918,1571756;;0,000532994;12169,70464;;0,000519994;12128,35297;;0,00037665;859,310234;;0,000475384;818,131522;;-0,000986313;3175,84;;;;
0,022135554;;0,000507881;6937,65146;;0,000584707;893,3472237;;0,004791906;954,1948353;;0,007741842;1070,771918;;0,000726812;919,3030493;;0,000528975;12176,19102;;0,000530089;12134,65964;;0,000477372;860,000497;;0,000127021;818,615317;;-0,002074553;3182,5;;;;
0,055429671;;0,000507881;6941,17496;;0,000636301;893,8695696;;0,000996555;958,7672474;;0,001559333;1079,061665;;0,00062119;919,9712097;;0,000540025;12182,63193;;0,00054725;12141,09209;;0,000390638;861,226124;;-4,42751E-05;820,68487;;0,001934848;3203,85;;;;
0,000718053;;0,000507881;6944,70025;;0,00058757;894,4383397;;-3,06E-05;959,722712;;-0,000119388;1080,744281;;0,000644661;920,542687;;0,000556095;12189,21085;;0,000610844;12147,73631;;0,000170836;862,14972;;-9,82788E-05;821,976903;;-0,002646685;3200,69;;;;
0,00833548;;0,000507881;6948,22733;;0,000573119;894,9638852;;0,000166209;959,6933315;;-0,001939654;1080,615253;;0,00060623;921,136125;;0,000532991;12195,98921;;0,000573487;12155,15668;;0,001075553;862,474449;;0,001520651;822,367658;;0,002656841;3194,05;;;;
0,00307825;;0,00050788;6951,7562;;0,000672043;895,4768063;;-0,003061566;959,8528411;;-0,004215417;1078,519234;;0,000433277;921,6945451;;0,000536003;12202,48956;;0,000573483;12162,12751;;-0,00054573;862,88617;;-0,001342739;822,472116;;-0,001165538;3200,23;;;;
-0,010065628;;0,00050788;6955,28686;;0,000596725;896,0786053;;-0,00201159;956,9141879;;-0,004303427;1073,972825;;0,000263516;922,0938939;;0,000553077;12209,03014;;0,000551276;12169,10229;;0,000549574;863,223246;;4,97313E-05;822,435701;;0,003025174;3191,76;;;;
-0,003861841;;0,000507881;6958,81931;;0,000568621;896,6133181;;-0,000798386;954,9892691;;-0,001593957;1069,351061;;0,000440318;922,3368802;;0,000570149;12215,78268;;0,000578522;12175,81082;;-0,000309494;863,370716;;-0,001128031;822,354873;;-0,001116594;3200,24;;;;
-0,009562165;;0,00050788;6962,35356;;0,000393795;897,1231514;;-0,001576384;954,2268193;;-0,002682389;1067,646561;;0,000648612;922,7430014;;0,000549055;12222,74749;;0,000615854;12182,8548;;0,000910494;864,299317;;0,001968149;823,605388;;0,001770437;3196,51;;;;
-0,004515969;;0,000507881;6965,8896;;0,00048256;897,4764337;;0,00085521;952,7225916;;0,000724782;1064,782718;;0,000693834;923,3415034;;0,0005601;12229,45845;;0,000584563;12190,35765;;0,00064301;863,827643;;0,000832808;822,499501;;0,000324162;3206,18;;;;
-0,019193937;;0,000507881;6969,42744;;0,000528162;897,9095201;;3,06E-05;953,5373694;;0,001071507;1065,554453;;0,000453172;923,982149;;0,000556081;12236,30818;;0,000583548;12197,48369;;9,54473E-05;864,30238;;-0,00029405;822,540405;;0,001040722;3202,6;;;;
0,013556983;;0,00050788;6972,96708;;0,000584277;898,3837622;;0,001690066;953,5665408;;0,004101949;1066,696202;;0,000490098;924,4008721;;0,000576161;12243,11255;;0,000556304;12204,60151;;0,000570086;864,034884;;0,000158386;821,612554;;0,001045866;3208,27;;;;
0,018637708;;0,00050788;6976,50851;;0,00056536;898,9086669;;-1,65E-05;955,1781311;;0,000660884;1071,071736;;0,000369438;924,8539195;;0,000565112;12250,16656;;0,000556302;12211,39098;;0,000770781;864,821583;;0,00068823;823,22961;;-0,000907957;3209,31;;;;
0,004594522;;0,00050788;6980,05174;;0,000519576;899,4168738;;-0,000281924;955,1624095;;-0,001255986;1071,77959;;0,000539192;925,195596;;0,000562096;12257,08927;;0,000583535;12218,1842;;3,8769E-05;865,377672;;-0,000366777;823,915202;;0,000320564;3212,65;;;;
0,00768885;;0,00050788;6983,59677;;0,000537907;899,8841895;;0,000292237;954,8931258;;-0,001180484;1070,43345;;0,000747216;925,6944543;;0,00055607;12263,97893;;0,000551253;12225,31394;;-0,000186832;865,46027;;-0,000638253;823,67293;;0,002482795;3216,01;;;;
0,023482765;;0,00050788;6987,1436;;0,000557476;900,3682432;;0,003014508;955,1721808;;0,002624766;1069,16982;;0,00044248;926,3861479;;0,000539001;12270,79856;;0,00053007;12232,05318;;3,14025E-05;865,953657;;-0,000400224;823,803388;;-0,001412123;3213,09;;;;
-0,032571261;;0,000507881;6990,69223;;0,000495212;900,8701767;;-0,002916518;958,0515548;;-0,004791788;1071,97614;;0,000336207;926,796055;;0,000548035;12277,41253;;0,000561336;12238,53702;;0,000752301;866,621118;;0,001291662;824,370354;;-0,002511227;3214,12;;;;
-0,01198183;;0,000507881;6994,24267;;0,000508148;901,3162987;;0,001131051;955,2573803;;0,002091991;1066,839457;;0,000553944;927,1076502;;0,00054201;12284,14098;;0,000525025;12245,40694;;0,000437518;866,654716;;0,000508107;824,067994;;0,002078225;3222,1;;;;
-0,016226394;;0,00050788;6997,79491;;0,000510343;901,7743005;;-0,002901386;956,337825;;-0,00447679;1069,071275;;0,000492727;927,6212162;;0,00052896;12290,79912;;0,000529059;12251,83609;;0,001016735;866,492797;;0,001972334;823,54203;;0,001075824;3217,55;;;;
0,016587944;;0,000507881;7001,34895;;0,000582958;902,2345144;;0,002188592;953,56312;;0,001698633;1064,285268;;0,000738749;928,0782798;;0,000520929;12297,30045;;0,000513931;12258,31804;;0,000481169;866,520007;;0,000623103;823,212429;;0,007690396;3209,47;;;;
-0,000898844;;0,00050788;7004,9048;;0,000563409;902,7604789;;0,001497392;955,6500808;;0,000572141;1066,093097;;0,00059828;928,7638964;;0,00051591;12303,70647;;0,000513931;12264,61797;;-8,42722E-05;867,171891;;-0,000627325;824,275741;;-0,000724334;3216,14;;;;
0,013132618;;0,00050788;7008,46245;;0,000604737;903,2691022;;0,006740621;957,081064;;0,008116012;1066,703053;;0,000666948;929,3195576;;0,000514906;12310,05408;;0,000530067;12270,92113;;0,000843723;867,551294;;0,001350622;824,694561;;0,000993211;3219,6;;;;
0,007671329;;0,000507881;7012,02191;;0,000600329;903,815342;;-0,000903666;963,5323847;;-0,000376574;1075,360428;;0,000583777;929,9393656;;0,000514906;12316,39261;;0,000545193;12277,42554;;-0,000472713;868,433364;;-0,001914728;826,321134;;-0,000721058;3244,36;;;;
-0,000173099;;0,000507881;7015,58318;;0,000553182;904,3579283;;-0,003066184;962,6616735;;-0,003916789;1074,955475;;0,000557349;930,4822432;;0,00050788;12322,73439;;0,000530065;12284,11911;;0,000287752;868,851227;;-0,000199895;826,836017;;-0,006047075;3242,01;;;;
0,01061774;;0,000507881;7019,14626;;0,000848385;904,8582032;;-0,001594403;959,7099754;;-0,000951048;1070,745101;;0,000552958;931,0008463;;0,00051591;12328,99286;;0,000545191;12290,6305;;0,000538165;868,778007;;0,000499442;826,317322;;3,10243E-06;3245,23;;;;
-0,023773731;;0,000507881;7022,71115;;0,000742408;905,6258715;;-0,006211485;958,1798105;;-0,007578674;1069,726771;;0,000478281;931,5156506;;0,000510891;12335,35351;;0,000497796;12297,33125;;-0,00519935;869,511015;;-0,011448431;827,433364;;-0,013151159;3242,89;;;;
0,00705551;;0,000507881;7026,27785;;0,000818342;906,2982156;;-0,000973475;952,2280908;;0,000150586;1061,61966;;0,000479069;931,9611766;;0,000511895;12341,65554;;0,000471578;12303,45281;;-0,002349819;869,099986;;-0,004473129;825,849054;;-0,006243516;3223,28;;;;
-0,022165856;;0,00050788;7029,84636;;0,000563272;907,0398774;;-0,002684526;951,3011201;;-0,001415107;1061,779525;;0,000528509;932,4076499;;0,000527955;12347,97317;;0,000487712;12309,25485;;0,002190081;869,350071;;0,003915358;825,683971;;0,01230924;3223,29;;;;
-0,033486185;;0,00050788;7033,41668;;0,001118212;907,5507879;;-0,015640148;948,7473277;;-0,020809117;1060,276994;;0,000130387;932,9004355;;0,000505873;12354,49234;;0,000466534;12315,25822;;-0,002671929;869,817925;;-0,004968775;826,096352;;-0,001387522;3180,9;;;;
0,022592299;;0,000507881;7036,98881;;5,88E-05;908,5656224;;-0,001289014;933,9087787;;-0,001820558;1038,213566;;0,000457666;933,0220736;;0,000504869;12360,74213;;0,000497795;12321,0037;;-0,000146139;865,295437;;-0,001929937;816,638845;;-0,006646826;3161,04;;;;
0,008112829;;0,00050788;7040,56276;;0,000618747;908,6190568;;0,009243904;932,7049574;;0,008669214;1036,323438;;0,000711578;933,4490862;;0,000504869;12366,98269;;0,000524016;12327,13704;;-0,001369844;863,262149;;-0,001482243;812,985914;;0,013102225;3199,95;;;;
-0,025852142;;0,00050788;7044,13852;;0,000381399;909,181262;;-0,006041484;941,3267927;;-0,007305524;1045,307548;;0,000530365;934,1133084;;0,000511895;12373,22639;;0,000540151;12333,59666;;0,001201247;865,152763;;0,002217181;816,169045;;-0,006296916;3195,51;;;;
-0,004846034;;0,000507881;7047,7161;;0,000486624;909,528023;;-0,002128055;935,6397822;;-0,000690473;1037,671028;;0,000515776;934,6087289;;0,000518921;12379,56018;;0,000493762;12340,25866;;-0,000617993;862,841136;;-0,001451669;812,113685;;0,000381774;3174,27;;;;
-0,007640847;;0,00050788;7051,2955;;0,000561007;909,9706208;;-0,002698584;933,6486891;;-0,00686278;1036,954544;;0,000520619;935,0907779;;0,000510891;12385,9842;;0,000445356;12346,35181;;-0,001480712;862,715041;;-0,003057356;810,546357;;-0,008699243;3215,86;;;;
0,008097224;;0,00050788;7054,87671;;0,000603698;910,481121;;0,000759845;931,12916;;0,001907596;1029,838153;;0,000615424;935,5776042;;0,000508884;12392,31209;;0,000524016;12351,85033;;0,003210977;861,533256;;0,004826169;809,34493;;0,00284315;3195,61;;;;
-0,006504892;;0,00050788;7058,45974;;0,000513321;911,0307769;;-0,006660862;931,8366736;;-0,007105283;1031,802669;;0,000503165;936,1533808;;0,000514906;12398,61833;;0,000497795;12358,3229;;-0,001074815;862,56817;;-0,002267822;811,139394;;-0,000975447;3196,83;;;;
-0,001743097;;0,00050788;7062,04459;;0,000382761;911,4984278;;-0,004558427;925,6298381;;-0,00347062;1024,471419;;0,000482523;936,6244204;;0,000508884;12405,00245;;0,000513931;12364,47481;;0,002383099;862,035109;;0,003123756;809,961888;;-0,003064634;3169,02;;;;
0,027427991;;0,000507881;7065,63126;;0,000635022;911,8473138;;0,006680072;921,4104217;;0,009619415;1020,915868;;0,00072562;937,0763629;;0,000510891;12411,31516;;0,000446361;12370,8293;;0,003737171;860,758683;;0,006421771;807,485546;;0,002875016;3178,03;;;;
-0,025524729;;0,000507881;7069,21976;;0,000460868;912,4263573;;-0,006744313;927,5655095;;-0,008222282;1030,736482;;0,000480065;937,7563241;;0,000511895;12417,65599;;0,000477623;12376,35116;;0,001035839;863,522559;;0,002391057;811,382608;;0,007425259;3174,93;;;;
-0,001768451;;0,00050788;7072,81008;;0,000642001;912,8468656;;0,003173419;921,3097171;;0,005981065;1022,261475;;0,000663679;938,206508;;0,000511895;12424,01252;;0,000492751;12382,26238;;-6,89104E-05;862,594432;;-0,000535689;809,542537;;0,001113241;3165,2;;;;
0,019540653;;0,000507881;7076,40222;;0,000704024;913,4329141;;0,012965482;924,2334191;;0,016226435;1028,375687;;0,000793495;938,8291761;;0,000453681;12430,37231;;0,000518975;12388,36376;;0,001976433;864,65008;;0,0027811;812,07135;;0,004979025;3174,3;;;;
0,014146555;;0,00050788;7079,99619;;0,000619233;914,0759927;;0,005200741;936,2165509;;0,010130075;1045,062558;;0,000719486;939,5741328;;0,000469738;12436,01173;;0,000487708;12394,79301;;-0,000981264;867,881425;;-0,001833348;817,286286;;-0,000982169;3197,87;;;;
-0,013806528;;0,000507881;7083,59198;;0,000613235;914,642019;;-0,003125093;941,0855709;;-0,004574841;1055,64912;;0,000503491;940,2501428;;0,000511895;12441,8534;;0,000436268;12400,83804;;0,000380549;868,78041;;-8,92086E-05;819,240464;;-0,000628459;3201,43;;;;
0,008978169;;0,00050788;7087,1896;;0,000717946;915,2029095;;0,003596278;938,1445906;;0,003513284;1050,819693;;0,000700837;940,7235507;;0,000517918;12448,22233;;0,00044635;12406,24813;;0,001984917;868,720542;;0,002842644;818,801606;;-0,002359761;3217,37;;;;
-0,022503778;;0,00050788;7090,78904;;0,000561769;915,8599753;;-0,004969853;941,5184194;;-0,006298287;1054,511521;;0,000462314;941,3828449;;0,000517918;12454,66948;;0,000398934;12411,78565;;0,000681664;870,43751;;0,000148682;821,078775;;-0,001660108;3214,21;;;;
0,007175855;;0,00050788;7094,39031;;0,000579663;916,3744773;;-0,001765222;936,8392117;;-0,005720473;1047,869905;;0,00055153;941,8180595;;0,000511895;12461,11997;;0,00043625;12416,73714;;0,000724818;869,583381;;0,00043621;819,573452;;0,004388474;3212,19;;;;
-0,010167981;;0,00050788;7097,99341;;0,000547451;916,9056658;;0,002181935;935,1854828;;0,001639653;1041,875593;;0,000555447;942,3375;;0,000511895;12467,49876;;0,000399923;12422,15394;;-0,001093274;869,9143;;-0,002812732;819,500339;;-0,0037749;3204,61;;;;
-0,016667635;;0,00050788;7101,59834;;0,000630824;917,4076264;;-0,000842069;937,2259966;;-0,002166342;1043,583907;;0,000552529;942,8609185;;0,000514906;12473,88081;;0,000493753;12427,12185;;-0,000296302;871,641008;;-0,002074828;821,829887;;-0,004795077;3199,29;;;;
0,002503689;;0,00050788;7105,2051;;0,000572641;917,9863496;;-0,004140909;936,4367877;;-0,006188241;1041,323147;;0,000539386;943,381876;;0,000511895;12480,30369;;0,000421101;12433,25778;;0,000461328;872,235174;;-0,000749991;821,952078;;-0,007511339;3213,33;;;;
-0,020211819;;0,000507881;7108,81369;;0,00044398;918,512026;;-0,006310843;932,5590879;;-0,008006828;1034,879189;;0,000488392;943,8907228;;0,000511895;12486,69229;;0,000421093;12438,49344;;0,002191409;872,867386;;0,003702537;822,310622;;0,004563683;3201,2;;;;
-0,017172506;;0,00050788;7112,42412;;0,000547284;918,9198269;;-0,002991928;926,6738536;;-0,004093005;1026,593088;;0,000488517;944,3517116;;0,000505873;12493,08416;;0,000426132;12443,7312;;8,02089E-07;871,913103;;-0,000958464;819,997683;;-0,001284493;3185,85;;;;
0,001962118;;0,000507881;7116,03638;;0,00049553;919,4227373;;-0,00146652;923,9013117;;0,000363556;1022,391237;;0,000494841;944,8130433;;0,000511895;12499,40407;;0,00037465;12449,03387;;0,000542619;871,654753;;0,000907081;818,296329;;-0,002997853;3161,92;;;;
-2,01E-05;;0,00050788;7119,65048;;0,000635761;919,8783392;;-0,000251793;922,5463922;;0,001631444;1022,762933;;0,000500381;945,2805759;;0,000511895;12505,80245;;0,000375641;12453,69789;;0,001693592;872,056872;;0,00416542;817,682614;;0,001802223;3176,35;;;;
-0,008463697;;0,000507881;7123,26641;;0,000477928;920,463162;;-0,004405255;922,3141016;;-0,004184906;1024,431514;;0,000320293;945,7535764;;0,000511895;12512,20411;;0,000416007;12458,37601;;0,000735094;873,967905;;0,001483339;820,710114;;0,007991264;3172,27;;;;
0,018281209;;0,00050788;7126,88418;;0,000433955;920,903077;;0,000498411;918,2510732;;0,001164102;1020,144365;;0,000604379;946,0564946;;0,000469739;12518,60904;;0,000499803;12463,55879;;0,001543685;873,968606;;0,002687199;819,923493;;-0,003679026;3162,76;;;;
0,020301403;;0,00050788;7130,50378;;0,000613896;921,3027076;;0,007518079;918,7087394;;0,007145967;1021,331917;;0,000738086;946,6282714;;0,000505873;12524,48952;;0,00050889;12469,78811;;0,001829479;874,442838;;0,00330122;820,66723;;0,00420172;3168,46;;;;
0,005337342;;0,00050788;7134,12522;;0,000580302;921,8682913;;0,002672511;925,6156643;;-0,001234434;1028,630321;;0,000791057;947,3269647;;0,000514906;12530,82532;;0,000509899;12476,13386;;0,000112845;875,923787;;-0,000922387;824,085654;;0,000300432;3193,78;;;;
0,001074125;;0,00050788;7137,7485;;0,000587501;922,4032537;;0,000597328;928,0893827;;0,004431255;1027,360545;;0,000563308;948,0763542;;0,000518921;12537,27752;;0,000504851;12482,49543;;0,000874921;876,567673;;0,001072402;825,308052;;0,001745736;3182,03;;;;
0,019963794;;0,00050788;7141,37362;;0,000613151;922,9451661;;0,00489973;928,6437562;;0,005013857;1031,913042;;0,000570527;948,6104136;;0,000536988;12543,78338;;0,000509899;12488,79723;;0,001487216;877,920817;;0,00283125;827,525819;;0,002089358;3195,4;;;;
-0,008746674;;0,000507881;7145,00058;;0,000504764;923,511071;;-0,001586224;933,19386;;-2,93E-05;1037,086906;;0,000587317;949,1516219;;0,000524943;12550,51924;;0,000525045;12495,16526;;0,000751074;879,526955;;0,001071939;830,257664;;0,00478709;3196,36;;;;
-0,001480237;;0,000507881;7148,62939;;0,000537809;923,9772266;;0,000111353;931,7136052;;0,001656166;1037,056524;;0,000682952;949,7090749;;0,000529961;12557,10755;;0,000514948;12501,72578;;0,000498716;879,626205;;0,000485375;829,491845;;-0,005052745;3201,94;;;;
0,015279561;;0,00050788;7152,26004;;0,000563915;924,47415;;0,010627906;931,8173545;;0,011616237;1038,774061;;0,000873234;950,3576806;;0,000508884;12563,76233;;0,000530093;12508,16351;;-0,000371511;880,395808;;-0,001979672;830,381394;;-0,002331889;3208,63;;;;
-0,004567687;;0,000507881;7155,89253;;0,000510464;924,9954745;;-0,000970648;941,7206222;;0,000191264;1050,840706;;0,00046391;951,1875652;;0,000539997;12570,15582;;0,000530092;12514,794;;-0,000946297;881,705147;;-0,002664933;832,732411;;-0,003337271;3223,99;;;;
-0,030593286;;0,00050788;7159,52687;;0,000546211;925,4676511;;0,000466203;940,8065426;;0,000462574;1051,041694;;0,000572462;951,6288311;;0,000511895;12576,94367;;0,000679515;12521,42799;;-0,000429817;882,367373;;-0,001090594;833,625049;;0,003097625;3207,7;;;;
-0,020771642;;0,00050788;7163,16305;;0,00045999;925,9731517;;-0,007267547;941,2451493;;-0,010077651;1051,527879;;0,000259406;952,1736021;;0,000533974;12583,38174;;0,000663335;12529,93649;;0,001078808;882,807424;;0,002127837;834,02967;;0,002353552;3200,22;;;;
0,011222445;;0,000507881;7166,80108;;0,000517394;926,39909;;-0,0051329;934,4046057;;-0,010592274;1040,930948;;0,000400684;952,4206018;;0,000514905;12590,10094;;0,000556326;12538,24803;;0,001305838;882,479451;;0,002725924;832,378565;;4,36552E-05;3189,54;;;;
0,021889162;;0,000507881;7170,44096;;0,000529766;926,8784033;;-0,000859111;929,6083999;;-0,004929989;1029,905123;;0,000628943;952,8022216;;0,000553042;12596,58365;;0,000518982;12545,22338;;0,000744274;881,644363;;0,001549194;830,160332;;0,004062873;3199,42;;;;
0,012281745;;0,000507881;7174,08269;;0,000641651;927,3694322;;0,003037425;928,8097626;;0,004126827;1024,827701;;0,001226595;953,4014797;;0,000526947;12603,55009;;0,000514945;12551,73412;;0,000360944;881,265417;;0,000728434;829,254964;;0,003819733;3206,95;;;;
0,001511326;;0,000507881;7177,72627;;0,000741761;927,9644795;;0,003406886;931,630953;;0,006672585;1029,056988;;9,72E-05;954,5709174;;0,000530961;12610,1915;;0,000509898;12558,19757;;0,000883306;882,216133;;0,001796909;831,019483;;0,006193502;3207,09;;;;
0,01546396;;0,000507881;7181,3717;;0,001196251;928,6528073;;-0,000826231;934,8049133;;0,000121052;1035,923458;;0,000580415;954,6637464;;0,000483796;12616,88702;;0,000442281;12564,60098;;0,001259968;883,368164;;0,002356398;833,284779;;-0,000888564;3220,12;;;;
0,015343072;;0,00050788;7185,01898;;0,000482676;929,763709;;0,007558835;934,0325489;;0,010012317;1036,048859;;0,001834103;955,2178479;;0,000495838;12622,99102;;0,000499806;12570,15806;;0,000566741;884,025632;;0,000324786;834,575699;;0,001073995;3232,42;;;;
-0,005980728;;0,00050788;7188,66811;;0,000866609;930,2124831;;0,006614046;941,0927473;;0,008952008;1046,422108;;-2,53E-05;956,9698159;;0,000492827;12629,24997;;0,000473564;12576,4407;;-0,000418191;884,344716;;-0,00186851;835,183632;;-0,001281878;3252,44;;;;
-0,008364905;;0,000507881;7192,31909;;0,000374109;931,0186139;;0,001066199;947,3171783;;0,003091251;1055,789687;;0,000322844;956,9455893;;0,000489816;12635,474;;0,000474572;12582,39644;;0,001020133;885,125863;;0,001791621;836,684381;;0,00546036;3249,55;;;;
-0,015275646;;0,00050788;7195,97193;;0,000589258;931,3669167;;-0,002263818;948,3272074;;-0,005066;1059,053398;;0,000181826;957,254533;;0,000483794;12641,66306;;0,000488702;12588,3677;;0,000696672;886,241093;;0,000684651;838,655942;;-0,007962383;3253,04;;;;
0,020406502;;0,000507881;7199,62662;;-0,000115368;931,9157319;;-0,005322026;946,1803674;;-0,008093941;1053,688233;;0,000228003;957,4285867;;0,00047175;12647,77902;;0,000525039;12594,51966;;0,000261602;886,743362;;-0,000120614;838,928326;;0,00984077;3248,87;;;;
0,006972123;;0,000507881;7203,28317;;0,000245132;931,8082188;;0,001848178;941,1447712;;0,000669579;1045,159743;;0,000409133;957,6468831;;0,000498847;12653,74562;;0,000509899;12601,13228;;0,00038531;886,372534;;-0,000796757;837,36078;;-0,003621096;3266,61;;;;
0,006256852;;0,00050788;7206,94158;;0,00028167;932,0366349;;-0,001896967;942,884174;;-0,00088367;1045,85956;;0,000206451;958,0386877;;0,000489814;12660,0579;;0,000525039;12607,55758;;0,00011476;887,276752;;-0,000353346;838,861013;;0,000736052;3240,6;;;;
-0,007800816;;0,00050788;7210,60184;;0,000118067;932,2991622;;-0,000234581;941,0955543;;-9,74E-05;1044,935366;;0,000485661;958,2364756;;0,000511895;12666,25898;;0,000503843;12614,17705;;0,000799145;887,894893;;0,001498748;839,43534;;0,004229185;3272,49;;;;
-0,002629403;;0,00050788;7214,26396;;0,000253478;932,4092359;;-0,006734523;940,8747911;;-0,010723144;1044,833589;;-0,000154059;958,7018536;;0,00051892;12672,74277;;0,000540179;12620,5326;;0,000933117;888,127168;;0,001465039;839,334092;;-0,002593962;3260,64;;;;
0,011472174;;0,00050788;7217,92794;;0,000396618;932,6455815;;-0,002454649;934,5384479;;-0,005348129;1033,629688;;0,000350478;958,5541569;;0,00052996;12679,31891;;0,000535132;12627,34995;;0,000317655;888,469372;;-4,13341E-05;838,665347;;-0,001229982;3263,04;;;;
0,010998867;;0,000507881;7221,59378;;0,000527011;933,0154853;;0,005745796;932,2444838;;0,007338883;1028,101703;;0,000475235;958,8901091;;0,000526949;12686,03845;;0,000509899;12634,10725;;9,01387E-05;888,571333;;-0,000922735;838,369008;;-0,000915964;3276,84;;;;
-0,000813678;;0,000507881;7225,26149;;0,000564671;933,5071944;;0,002797654;937,6009708;;0,001323371;1035,646822;;0,00102101;959,3458076;;0,000539995;12692,72334;;0,000514945;12640,54936;;0,000470052;889,28143;;0,00014226;839,625512;;-0,000582584;3268,34;;;;
-0,016284193;;0,00050788;7228,93106;;0,000573675;934,0343186;;-0,001165178;940,2240541;;-0,003541943;1037,017367;;0,000935775;960,3253089;;0,000514905;12699,57736;;0,000503843;12647,05855;;0,000707149;890,111234;;0,001224549;840,855596;;-0,000911202;3264,32;;;;
-0,000408658;;0,000507881;7232,60249;;0,000338521;934,570151;;-0,002831536;939,1285254;;-0,005759368;1033,344311;;0,000304686;961,2239578;;0,000502862;12706,11643;;0,000519991;12653,43068;;1,65817E-05;890,393982;;-0,000468187;840,82084;;0,001080928;3261,33;;;;
0,010301585;;0,00050788;7236,27579;;0,000510998;934,8865222;;0,000187876;936,4693491;;-0,00073175;1027,392901;;0,000757164;961,5168289;;0,000514905;12712,50586;;0,000514945;12660,01035;;9,92611E-05;890,474241;;-0,00086002;840,044985;;-0,005822122;3259,43;;;;
-0,011972095;;0,000507881;7239,95095;;0,000447262;935,3642477;;0,001609;936,6452893;;0,000668532;1026,641106;;0,000482359;962,2448548;;0,000523937;12719,05159;;0,000519991;12666,52956;;-0,000542102;890,89281;;-0,001979027;840,16449;;-0,000894786;3256,46;;;;
-0,017229787;;0,000507881;7243,62798;;0,000523306;935,7826004;;0,000375843;938,1523515;;0,001654875;1027,327448;;0,000879233;962,7090023;;0,000514905;12725,71557;;0,000509898;12673,11605;;0,000270108;891,522804;;0,00045768;841,193313;;0,005392051;3259,98;;;;
-0,014735887;;0,00050788;7247,30688;;0,000554037;936,2723014;;-0,001819318;938,5049491;;-0,001721996;1029,027547;;-2,17E-05;963,5554481;;0,000517915;12732,26811;;0,000524028;12679,57805;;0,001652955;891,537587;;0,002339809;840,799477;;0,001741636;3241;;;;
0,001927429;;0,00050788;7250,98764;;0,000563599;936,7910306;;-0,005667436;936,7975102;;-0,008436301;1027,255566;;0,000184454;963,5345116;;0,000511894;12738,86234;;0,000535129;12686,2225;;0,001331807;891,626082;;0,003277671;840,076373;;0,006123456;3238,1;;;;
-0,008228608;;0,00050788;7254,67027;;0,000427316;937,3190055;;0,002751844;931,48827;;0,005905406;1018,589329;;-0,00221428;963,7122398;;0,000511894;12745,38329;;0,000545221;12693,01127;;0,001452111;891,14273;;0,001378397;838,413839;;-0,003206144;3255,56;;;;
0,019658894;;0,000507881;7258,35477;;0,000414211;937,7195371;;0,000761055;934,0515805;;0,001670003;1024,604513;;0,00107133;961,5783113;;0,000511894;12751,90758;;0,000559348;12699,93176;;0,000431043;891,383435;;0,000211775;838,797564;;0,002715032;3261,23;;;;
-0,017738836;;0,000507881;7262,04115;;8,06E-05;938,1079511;;0,004457237;934,7624456;;0,005747154;1026,315606;;-0,000929619;962,6084791;;0,000532968;12758,43521;;0,000530081;12707,03544;;-0,000117459;892,856852;;-0,001042312;840,76019;;0,003369354;3281,2;;;;
0,000672213;;0,00050788;7265,7294;;0,0002346;938,1835969;;-0,005027554;938,9289037;;-0,008069389;1032,213999;;-0,001853647;961,7136201;;0,000532967;12765,23504;;0,00053008;12713,77119;;0,001027546;894,045965;;0,002058716;843,515925;;0,002166772;3270,68;;;;
0,007072644;;0,000507881;7269,41952;;0,000216726;938,4036947;;0,002108146;934,208388;;-0,001473775;1023,884663;;-0,001859128;959,930943;;0,000520925;12772,0385;;0,000589615;12720,51051;;0,001849391;895,344219;;0,003299334;844,678625;;0,004469728;3279,56;;;;
-0,00909338;;0,00050788;7273,11152;;0,000306054;938,6070708;;0,001375441;936,1778357;;-0,001609417;1022,375688;;-0,000904447;958,1463086;;0,000526946;12778,69177;;0,000513934;12728,01071;;0,00073491;895,730151;;0,000900465;844,857507;;0,00463399;3290,61;;;;
0,016230035;;0,000507881;7276,80539;;0,0007153;938,8943352;;0,001295245;937,4654935;;0,001461108;1020,730258;;-0,000253173;957,2797164;;0,000514904;12785,42545;;0,000555302;12734,55207;;0,000421398;895,624939;;0,000741836;843,976902;;-0,000474784;3297,74;;;;
0,003122833;;0,00050788;7280,50114;;0,000480339;939,5659265;;0,006287197;938,6797414;;0,01187907;1022,221655;;0,000573718;957,0373591;;0,000528952;12792,00872;;0,000539157;12741,62359;;-0,000450919;896,545235;;-0,000916806;845,714411;;-0,001130402;3312,48;;;;
-0,006985081;;0,00050788;7284,19876;;0,000326707;940,0172367;;-6,33E-05;944,5814058;;-0,001300218;1034,364698;;0,002748967;957,5864292;;0,000505873;12798,77508;;0,000624913;12748,49333;;0,000386643;898,203298;;0,000527831;848,504705;;-0,000219715;3327,83;;;;
-0,01851603;;0,00050788;7287,89826;;0,000480982;940,3243472;;0,002451661;944,5215782;;0,00187014;1033,019798;;0,001357692;960,2188031;;0,000505873;12805,24964;;0,000598671;12756,46002;;-0,000104761;898,863397;;-0,001108087;849,268754;;-0,000325129;3326,25;;;;
0,004010563;;0,00050788;7291,59964;;0,000242918;940,7766259;;-0,003474771;946,8372249;;-0,009184539;1034,95169;;1,69E-05;961,5224849;;0,000526945;12811,72747;;0,000628923;12764,09694;;0,001451483;899,242176;;0,002231703;849,898772;;0,000174663;3322,49;;;;
-0,016495264;;0,00050788;7295,3029;;0,000589455;941,005157;;-0,000425431;943,5471819;;-0,004357545;1025,446135;;0,001017098;961,5387669;;0,000532965;12818,47854;;0,000614789;12772,12458;;0,000274565;898,836691;;-5,28371E-05;849,11958;;0,000827999;3321,76;;;;
-0,000958441;;0,00050788;7299,00804;;0,000399868;941,5598371;;-0,00260581;943,1457679;;-0,003521379;1020,977708;;0,000166949;962,5167456;;0,000547011;12825,31034;;0,00084269;12779,97674;;0,000912864;899,18422;;0,001077354;849,567772;;-0,001128155;3320,68;;;;
-0,007309155;;0,000507881;7302,71506;;0,000889089;941,9363363;;0,001807788;940,6881094;;0,003496603;1017,382458;;0,000521453;962,677437;;0,000526943;12832,32593;;0,000837538;12790,7463;;0,000304121;899,090021;;-0,000502015;848,626377;;-0,001873347;3321,26;;;;
-0,005320339;;0,00050788;7306,42397;;0,000630678;942,7738019;;-0,003096213;942,3886739;;-0,009573554;1020,939841;;-1,33E-05;963,1794285;;0,000637307;12839,08784;;0,000658041;12801,45903;;0,000345153;900,395035;;1,09041E-05;850,520259;;0,003759761;3324,01;;;;
-0,010052993;;0,00050788;7310,13476;;0,000858091;943,3683881;;-0,000998224;939,4708379;;-0,006210246;1011,165818;;0,000841176;963,1665985;;0,000658357;12847,27028;;0,000647943;12809,88292;;0,001133409;900,642252;;0,002069154;850,47532;;0,001476026;3320,26;;;;
0,005216616;;0,00050788;7313,84743;;0,000609736;944,1778837;;-0,003204153;938,5330353;;-0,009952148;1004,88623;;0,000235047;963,976791;;0,00057408;12855,72838;;0,000517955;12818,18299;;0,001024138;901,464416;;0,001341691;851,391583;;0,000825476;3314,04;;;;
0,008043162;;0,000507881;7317,56199;;0,000534596;944,7535831;;0,001451892;935,5258315;;-0,000943847;994,885454;;0,000912826;964,2033707;;0,000504871;12863,1086;;0,000478663;12824,82223;;0,001331;901,73857;;0,002804176;850,964172;;0,005374667;3326,5;;;;
-0,004508977;;0,00050788;7321,27844;;0,000126115;945,2586447;;0,0007955;936,8841143;;-0,000558094;993,9464347;;0,000613548;965,0835206;;0,000511892;12869,60281;;0,000434331;12830,961;;0,000973927;902,049808;;0,002030978;850,973451;;0,001691487;3331,41;;;;
0,022182058;;0,00050788;7324,99677;;-6,88E-05;945,3778556;;0,002964612;937,6294055;;0,003691554;993,3917186;;0,000514504;965,6756457;;0,000522924;12876,19065;;0,000424249;12836,53388;;-0,000462425;903,072199;;-0,001412442;852,734246;;0,001813715;3334,16;;;;
-0,013785725;;0,00050788;7328,71699;;0,000204846;945,3127869;;0,002710636;940,4091133;;0,004267577;997,0588779;;0,001527836;966,1724894;;0,000513898;12882,92393;;0,000345643;12841,97977;;0,001503798;903,99707;;0,002515979;853,878352;;0,000196204;3352,08;;;;
-0,013925892;;0,00050788;7332,4391;;0,000612434;945,5064301;;0,006506041;942,9582204;;0,010177323;1001,313903;;0,001860453;967,6486427;;0,000510889;12889,54443;;0,000315382;12846,41852;;0,000206775;905,20029;;7,36825E-06;856,272777;;-0,00051122;3357,75;;;;
-0,004696742;;0,00050788;7336,1631;;0,000678915;946,0854903;;-0,000826488;949,093145;;-3,60E-05;1011,504598;;-0,000293288;969,4489076;;0,000499856;12896,12956;;0,000350626;12850,47005;;0,001123414;906,081889;;0,002236949;858,011848;;0,003042126;3363,84;;;;
-0,001858587;;0,000507881;7339,88899;;0,000842096;946,7278018;;0,005414471;948,3087314;;0,006292568;1011,468192;;0,00030512;969,1645795;;0,000471774;12902,57577;;0,000440331;12854,97576;;-2,45829E-05;905,662894;;-0,000784704;856,799956;;-0,001645415;3364,5;;;;
-0,002400182;;0,000507881;7343,61678;;0,000394251;947,5250377;;-0,001031301;953,4433218;;-0,00456075;1017,832924;;0,000752635;969,4602912;;0,000419617;12908,66287;;0,000464525;12860,6362;;0,000941214;907,024828;;0,00169017;858,955647;;0,001749093;3362,78;;;;
0,007313796;;0,00050788;7347,34646;;0,000712686;947,8986006;;0,005596194;952,4600347;;0,002947628;1013,190842;;0,001102418;970,1899411;;0,000511892;12914,07957;;0,000445365;12866,61028;;0,000402114;907,212378;;0,000175799;858,961976;;-0,000506914;3373,01;;;;
-0,014039145;;0,000507881;7351,07803;;6,14E-05;948,5741547;;0,000464566;957,7901861;;0,003239368;1016,177352;;0,000842217;971,259496;;0,000478791;12920,69019;;0,000489729;12872,34062;;0,000294043;908,231553;;0,000158525;860,88343;;-0,000507172;3367,46;;;;
-0,010381684;;0,00050788;7354,8115;;0,00028748;948,6323561;;0,003439749;958,2351424;;0,003705389;1019,469125;;0,000740076;972,0775074;;0,000510889;12926,8765;;0,000440318;12878,64458;;0,000405737;908,209226;;0,00063873;860,207891;;0,002385806;3373,35;;;;
0,000740665;;0,00050788;7358,54686;;0,000380206;948,9050685;;0,000798538;961,5312308;;0,000662473;1023,246655;;0,000633805;972,7969185;;0,000475781;12933,4807;;0,000464516;12884,31528;;-0,000631316;909,064045;;-0,001029256;861,661789;;0,004147461;3371,64;;;;
-0,007687712;;0,00050788;7362,28412;;0,000802834;949,2658482;;0,0001443;962,29905;;0,000894092;1023,924528;;0,000695303;973,4134824;;0,00041158;12939,6342;;0,000489727;12890,30025;;0,001148805;909,429592;;0,002259342;861,813268;;0,000215214;3369,93;;;;
-0,02289897;;0,000507881;7366,02328;;0,000915878;950,0279513;;0,003412232;962,4379101;;0,003860267;1024,840011;;0,000596513;974,0903001;;0,000450696;12944,9599;;0,000450394;12896,61298;;0,000706231;909,697003;;0,001220238;861,949887;;0,002063247;3377,97;;;;
0,00926147;;0,000507881;7369,76434;;0,000499933;950,8980611;;-0,001351909;965,7219713;;0,001331024;1028,796167;;0,000506963;974,671358;;0,000463736;12950,79414;;0,000485691;12902,42154;;-0,000166266;910,066101;;-0,000788353;862,50044;;-0,001458948;3391,98;;;;
0,008489971;;0,00050788;7373,5073;;0,000739308;951,3734466;;0,003862437;964,4164028;;0,005416783;1030,165519;;0,000516182;975,1654803;;0,000491827;12956,79989;;0,000479639;12908,68814;;-2,77061E-05;909,491562;;-0,001343354;861,612706;;-0,000815966;3392,71;;;;
0,015179964;;0,00050788;7377,25216;;0,000409738;952,0768043;;0,001314679;968,1414001;;0,00425017;1035,745702;;0,000634533;975,6688427;;0,000461726;12963,17239;;0,00051494;12914,87965;;0,000956281;910,53639;;0,002404264;863,559384;;0,001589042;3399,71;;;;
0,00603448;;0,00050788;7380,99892;;0,000484806;952,4669066;;-0,003097936;969,4141948;;-0,001294871;1040,147797;;0,000566966;976,2879372;;0,000511894;12969,15782;;0,000460475;12921,53004;;0,000245532;911,179439;;-0,000198422;864,613132;;-0,003346706;3394,75;;;;
0,018847047;;0,000507881;7384,74758;;0,000157276;952,9286685;;-0,001152055;966,4110113;;-0,001179858;1038,800939;;0,000411544;976,8414589;;0,000525941;12975,79665;;0,000479637;12927,48008;;0,000433436;911,027941;;0,000574861;863,931512;;0,003009451;3391,98;;;;
-0,017655514;;0,00050788;7388,49815;;0,000410018;953,0785409;;0,003242511;965,2976528;;0,003431001;1037,575302;;0,000566969;977,2434725;;0,000508883;12982,62116;;0,000490732;12933,68058;;0,000255717;911,0027;;8,90194E-05;862,770946;;0,00109829;3397,37;;;;
-0,003713958;;0,000507881;7392,25062;;0,000495385;953,4693201;;-0,000228789;968,4276413;;-0,000501828;1041,135223;;0,000509416;977,7975396;;0,000508883;12989,2278;;0,000489723;12940,02756;;0,000560832;911,873875;;0,000734815;864,845275;;0,003100073;3386;;;;
0,003588697;;0,000507881;7396,005;;0,000618415;953,9416542;;0,001974301;968,2060761;;0,002628486;1040,612753;;0,000665805;978,2956453;;0,000491826;12995,8378;;0,000494766;12946,36459;;0,000318246;912,097769;;-0,000225253;864,673671;;-0,00048967;3396,19;;;;
-0,008748876;;0,00050788;7399,76129;;0,000540442;954,5315858;;0,002173481;970,1176067;;0,004527942;1043,347988;;0,001115794;978,9469995;;0,000508883;13002,22949;;0,000480644;12952,77001;;0,000637261;912,493105;;0,000879091;865,170738;;0,001595874;3399,92;;;;
-0,00154519;;0,00050788;7403,51948;;0,00033668;955,0474544;;0,001137407;972,226139;;0,002000173;1048,072207;;0,000173973;980,039303;;0,000514904;13008,84611;;0,000412047;12958,99568;;0,00113052;912,726445;;0,002428336;865,247755;;0,001710488;3410,46;;;;
0,010187477;;0,00050788;7407,27958;;0,000214874;955,369;;-0,002538389;973,3319557;;-0,003593093;1050,168533;;0,000888541;980,2098032;;0,00051691;13015,54441;;0,00048064;12964,33539;;0,000418658;913,238331;;0,000225874;865,883552;;0,000125728;3408,79;;;;
0,04289647;;0,00050788;7411,04159;;0,000422722;955,5742841;;-0,001326601;970,8612609;;-0,003409858;1046,39518;;-7,74E-05;981,0807595;;0,000480789;13022,27228;;0,000442302;12970,56658;;0,000331554;913,528965;;0,000323788;865,688509;;0,003633972;3414,23;;;;
0,006324828;;0,00050788;7414,80551;;0,000656647;955,978226;;0,005526949;969,5733152;;0,004988183;1042,827121;;0,000322131;981,0048212;;0,000427609;13028,53325;;0,000446333;12976,30348;;0,000303404;914,111121;;-0,000428828;866,449528;;-0,000876802;3420,07;;;;
-0,004042765;;0,000507881;7418,57134;;0,000468572;956,605966;;0,001040992;974,9320979;;0,001725292;1048,028933;;4,60E-05;981,3208337;;0,000465734;13034,10437;;0,00045642;12982,09523;;0,00036017;915,144542;;0,000125385;868,553559;;0,001962145;3420,5;;;;
-0,001674;;0,00050788;7422,33909;;0,000570447;957,0542052;;0,005158298;975,9469946;;0,008109947;1049,837089;;0,000460805;981,365982;;0,000420574;13040,17479;;0,000476599;12988,02052;;0,000329608;915,527675;;-2,77612E-05;868,749743;;-0,004949588;3432,93;;;;
-0,002416744;;0,00050788;7426,10875;;0,000379523;957,6001536;;0,000766029;980,9812205;;0,002787463;1058,351212;;0,000551876;981,8182005;;0,00047175;13045,65916;;0,000490725;12994,21059;;0,000340091;915,831222;;-0,000381368;869,031034;;0,001851072;3429,92;;;;
0,001192671;;0,00050788;7429,88032;;0,000648401;957,9635846;;0,002407674;981,7326803;;0,002062027;1061,301327;;-0,000149759;982,3600425;;0,000360346;13051,81345;;0,000465497;13000,58718;;0,000793852;916,109089;;0,001665562;868,658369;;0,001328091;3436,65;;;;
-0,021060025;;0,000507881;7433,65381;;0,000476534;958,5847291;;-0,001481734;984,0963729;;-0,003889535;1063,489759;;0,000102652;982,2129257;;0,000500853;13056,51662;;0,00042311;13006,63891;;0,000623643;916,439044;;0,000992224;868,767286;;0,002582699;3419,64;;;;
0,004362765;;0,00050788;7437,42922;;0,000744392;959,0415269;;-0,005241935;982,6382041;;-0,005470964;1059,353279;;0,000504562;982,3137514;;0,0004868;13063,05602;;0,000419066;13012,14214;;0,000672243;916,74111;;0,000890618;868,743168;;-0,000555333;3425,97;;;;
-0,004026567;;0,00050788;7441,20654;;0,000516617;959,7554297;;0,003478172;977,4872783;;0,004294718;1053,557595;;0,000405818;982,8093898;;0,000503865;13069,41512;;0,000447319;13017,59508;;0,000247942;917,052885;;3,47035E-05;868,411857;;0,001768743;3430,52;;;;
-0,006989071;;0,00050788;7444,98578;;0,000753336;960,2512559;;0,000606841;980,8871468;;0,002437274;1058,082328;;0,000399581;983,2082316;;0,000455682;13076,00034;;0,000393817;13023,4181;;0,000429646;917,780889;;0,000162235;869,858251;;-0,002488711;3439,38;;;;
-0,008817179;;0,00050788;7448,76694;;0,000334526;960,9746475;;0,002528762;981,4823895;;0,004653595;1060,661164;;0,000247781;983,6011028;;0,000511895;13081,95883;;0,000370585;13028,54695;;8,98669E-05;918,353257;;-0,000787635;870,721345;;-0,000224164;3437,47;;;;
0,005988859;;0,00050788;7452,55002;;0,000689206;961,2961183;;0,001102019;983,9643247;;0,00590539;1065,597052;;0,000710825;983,8448208;;0,000467725;13088,65542;;0,000453358;13033,37514;;0,000717593;918,970614;;0,001068952;871,496825;;0,001019157;3443,55;;;;
0,014656922;;0,000507881;7456,33502;;0,000780094;961,958649;;0,002255478;985,0486717;;0,003214112;1071,889818;;0,000675152;984,5441619;;0,000441622;13094,77732;;0,000476579;13039,28393;;0,000582087;919,198465;;0,00099016;871,527069;;0,003202713;3434,98;;;;
-0,023980183;;0,00050788;7460,12195;;0,0003817;962,7090673;;-0,002465308;987,2704276;;-0,003003678;1075,334992;;0,000690423;985,2088784;;0,000464709;13100,56026;;0,000510909;13045,49817;;0,000684673;919,593395;;0,001197869;871,668461;;0,001072862;3434,21;;;;
-0,001266005;;0,00050788;7463,9108;;0,000776619;963,076533;;0,000584049;984,8365018;;-0,001545991;1072,105032;;0,000559218;985,8890894;;0,000538;13106,64822;;0,000606835;13052,16324;;0,000572451;919,676036;;0,000934828;870,981904;;0,003504788;3437,71;;;;
0,003701648;;0,00050788;7467,70157;;0,000649264;963,8244768;;0,004404396;985,4116951;;0,004636903;1070,447567;;0,000670232;986,4404165;;0,000563099;13113,6996;;0,00056341;13060,08375;;0,000447821;920,335989;;0,000815701;871,912942;;-0,000539757;3448,72;;;;
0,029228362;;0,000507881;7471,49427;;0,001137888;964,4502535;;0,004481208;989,751838;;0,010381245;1075,411128;;0,000334391;987,1015599;;0,000526955;13121,08391;;0,00060581;13067,44193;;0,000267213;920,871705;;-0,000238953;872,776275;;8,08629E-05;3452,42;;;;
0,008238595;;0,00050788;7475,2889;;0,000760226;965,5476895;;0,002546597;994,1871216;;0,005038353;1086,575235;;0,000597148;987,4316374;;0,000707658;13127,99813;;0,000683531;13075,35832;;0,000358045;921,502201;;0,000371896;873,821747;;0,002252428;3464,52;;;;
0,010244039;;0,00050788;7479,08545;;0,000748443;966,2817235;;0,0003959;996,718916;;-0,000166401;1092,049785;;0,000387837;988,0212803;;0,000580147;13137,28826;;0,000793515;13084,29573;;0,000575868;922,029716;;0,000840635;874,63862;;0,00011525;3462,65;;;;
0,003103526;;0,00050788;7482,88393;;0,000638819;967,0049301;;-0,000889565;997,1135172;;-0,003837727;1091,868066;;0,000885704;988,4044711;;0,000602222;13144,90982;;0,000897363;13094,67832;;0,000282697;922,44262;;-0,000367155;875,352064;;0,000365875;3462,93;;;;
0,007534569;;0,00050788;7486,68434;;0,000684772;967,6226708;;0,005462078;996,2265204;;0,00392877;1087,677775;;0,00140679;989,2799051;;0,00061827;13152,82597;;0,000524018;13106,42899;;0,000415186;922,689109;;0,000535669;875,142896;;0,00098203;3470,73;;;;
0,001971629;;0,00050788;7490,48668;;0,000626313;968,2852715;;0,00265122;1001,667987;;0,006812429;1091,95101;;0,000330225;990,6716143;;0,000646354;13160,95797;;0,000490733;13113,297;;0,000504223;923,019473;;0,000421704;875,468358;;-0,002402318;3471,13;;;;
0,005163038;;0,00050788;7494,29095;;0,000576787;968,8917211;;0,00434121;1004,323629;;0,006126345;1099,389849;;0,001512503;990,9987591;;0,000677437;13169,4646;;0,000410043;13119,73213;;0,000364409;923,55101;;5,02395E-05;876,204307;;0,00067773;3472,4;;;;
-0,007658596;;0,000507881;7498,09715;;0,000672077;969,450565;;0,004481713;1008,683609;;0,017778362;1106,125091;;0,001107827;992,497648;;0,000565058;13178,38608;;0,000371702;13125,11179;;0,000574314;923,812095;;0,000933672;875,882604;;-0,002077924;3475,81;;;;
0,011693982;;0,00050788;7501,90529;;0,000595711;970,1021101;;-0,002835446;1013,204239;;-0,000995983;1125,790183;;0,001792089;993,5971637;;0,000544993;13185,83263;;0,000300053;13129,99041;;0,000568441;924,195649;;0,000583684;876,351787;;-0,000239704;3467,46;;;;
0,005971807;;0,000507881;7505,71536;;0,000279675;970,680011;;-2,19E-05;1010,331353;;0,003334273;1124,668915;;3,02E-05;995,3777783;;0,000541983;13193,01882;;0,000404954;13133,93011;;0,000474155;924,66165;;0,000196236;876,721348;;-0,002074083;3469,81;;;;
0,005738741;;0,00050788;7509,52737;;0,000575084;970,9514857;;0,000478178;1010,30922;;-0,001527891;1128,418868;;0,002298796;995,4078414;;0,000622221;13200,16921;;0,000514944;13139,24875;;0,000595608;924,998605;;0,000770184;876,765394;;0,00312917;3462,6;;;;
-0,004807174;;0,000507881;7513,34131;;0,00025182;971,5098641;;-0,000601636;1010,792328;;0,001748979;1126,694767;;0,00040263;997,6960812;;0,000511892;13208,38264;;0,000610816;13146,01473;;0,000619899;925,529845;;0,000887035;877,584005;;0,003739828;3461,77;;;;
-0,002655052;;0,000507881;7517,15719;;0,000783749;971,7545093;;-0,000506755;1010,184199;;0,003287245;1128,665332;;0,001379549;998,097784;;0,000460745;13215,1439;;0,000737948;13154,04452;;0,000939276;926,055954;;0,001886271;878,096237;;-0,001730701;3454,59;;;;
-0,010192147;;0,000507881;7520,97501;;0,000593095;972,5161207;;0,002178464;1009,672284;;0,011030072;1132,375531;;0,002260911;999,4747088;;0,000505874;13221,23271;;0,000609773;13163,75152;;0,000559345;926,495048;;0,000823692;878,268551;;2,30392E-05;3465,4;;;;
0,011562726;;0,000507881;7524,79477;;0,000869773;973,0929147;;0,00301133;1011,871819;;0,010877436;1144,865715;;3,91E-05;1001,734432;;0,000583099;13227,92099;;0,000562352;13171,77841;;0,000285113;927,046876;;-4,30661E-05;878,944979;;0,001851735;3478,36;;;;
0,007706781;;0,000507881;7528,61647;;0,000676221;973,9392848;;0,00379018;1014,918899;;0,004997357;1157,318919;;0,000581742;1001,773573;;0,000538968;13235,63418;;0,000628922;13179,18559;;0,000561431;927,621551;;0,000831115;879,724634;;-0,000888225;3472,34;;;;
-0,005161226;;0,000507881;7532,44011;;0,000626976;974,5978834;;0,000579949;1018,765625;;0,00463578;1163,102455;;0,00142543;1002,356346;;0,000519914;13242,76777;;0,000603693;13187,47426;;0,000391914;928,492844;;0,000131619;881,384033;;0,000327986;3472,42;;;;
-0,012384011;;0,00050788;7536,26569;;0,000432254;975,2089325;;0,00054108;1019,356457;;-0,00148596;1168,494342;;0,00134446;1003,785135;;0,000496849;13249,65287;;0,000567379;13195,43545;;0,000572487;929,012192;;0,000732709;882,110022;;0,001472576;3478,85;;;;
-0,005762202;;0,000507881;7540,09321;;0,000411368;975,6304703;;0,000732416;1019,90801;;0,00523821;1166,758006;;0,001377881;1005,134684;;0,000580083;13256,23595;;0,000575443;13202,92226;;0,000449851;929,277065;;0,000376758;882,072033;;2,29752E-05;3475,76;;;;
0,020576682;;0,00050788;7543,92268;;0,000300643;976,0318134;;0,000792175;1020,655007;;-0,000311097;1172,869729;;-0,000163557;1006,519639;;0,000586094;13263,92566;;0,000533088;13210,51979;;0,00072928;929,79879;;0,001559519;882,805136;;0,004577697;3476,9;;;;
0,017995648;;0,000507881;7547,75409;;0,000422232;976,3252507;;0,001562779;1021,463544;;0,003826265;1172,504853;;0,001022646;1006,355016;;0,00053796;13271,69957;;0,000524013;13217,56217;;0,0006282;930,163191;;0,00105536;882,92133;;-0,000909081;3482,02;;;;
0,001235895;;0,00050788;7551,58745;;0,000752446;976,7374867;;0,003593579;1023,059866;;0,002745167;1176,991167;;0,001045087;1007,384161;;0,000510888;13278,83921;;0,000557286;13224,48834;;0,000672177;930,695697;;0,00053168;883,568254;;-0,003490841;3482,1;;;;
0,016974326;;0,00050788;7555,42275;;0,000789504;977,4724284;;0,004064353;1026,736313;;0,004620928;1180,222204;;0,001130197;1008,436965;;0,000499859;13285,62321;;0,000584506;13231,85817;;0,000830651;931,114371;;0,002065695;883,901145;;0,002397593;3498,04;;;;
0,007666768;;0,00050788;7559,26;;0,000638396;978,2441465;;0,001919247;1030,909331;;0,001690824;1185,675926;;0,000639288;1009,576697;;0,000535954;13292,26415;;0,000547198;13239,59227;;0,000696079;931,793414;;0,000584788;885,279606;;-0,003620729;3494,86;;;;
0,013271231;;0,00050788;7563,0992;;0,000173828;978,8686537;;-0,009596607;1032,887901;;-0,005749026;1187,680695;;0,000518049;1010,222108;;0,000535953;13299,38819;;0,000533083;13246,83696;;0,000150597;932,378767;;-0,00068514;886,213895;;-0,00031624;3482,66;;;;
0,002698306;;0,00050788;7566,94035;;0,000467207;979,0388088;;0,007807676;1022,975682;;0,00493407;1180,852688;;0,000678017;1010,745453;;0,000531942;13306,51604;;0,00052401;13253,89862;;0,000599872;933,005491;;0,000740681;886,685077;;0,002027453;3491,01;;;;
-0,004977443;;0,00050788;7570,78345;;0,000381851;979,4962226;;-0,000200282;1030,962745;;-0,002985452;1186,679098;;0,000587636;1011,430756;;0,000516903;13313,59433;;0,000626834;13260,84379;;0,000677213;933,780493;;0,001015468;888,516698;;-0,00156702;3478,37;;;;
0,019829331;;0,000507881;7574,6285;;0,000375783;979,8702445;;-0,00274896;1030,756262;;-0,007211205;1183,136324;;0,000469104;1012,025109;;0,000512893;13320,47617;;0,000660083;13269,15614;;0,000399671;934,430478;;0,000155261;889,036292;;0,001721828;3477,27;;;;
0,001174954;;0,000507881;7578,47551;;0,000413193;980,2384628;;0,003345407;1027,922755;;0,004496885;1174,604485;;0,000590972;1012,499854;;0,000508883;13327,30815;;0,000696341;13277,91487;;0,000461159;934,5712;;0,000470726;888,427178;;-8,03478E-05;3484,32;;;;
-0,00378799;;0,00050788;7582,32447;;0,000486074;980,6434901;;0,002461244;1031,361574;;0,003502284;1179,886546;;0,002285559;1013,098213;;0,000547982;13334,09018;;0,000640886;13287,16083;;0,000608885;935,131823;;0,000971334;889,085219;;-0,000378813;3478,86;;;;
0,009270796;;0,00050788;7586,17538;;0,000617569;981,1201555;;0,001728568;1033,900007;;0,005161105;1184,018844;;0,000240487;1015,413709;;0,000633193;13341,39702;;0,000551202;13295,67638;;0,000511245;935,765106;;0,000329841;889,988057;;0,001713917;3484,85;;;;
-0,001957821;;0,000507881;7590,02825;;0,000586149;981,7260647;;0,000264162;1035,687173;;0,001605687;1190,12969;;0,000438403;1015,657903;;0,000589073;13349,8447;;0,000528029;13303,00498;;0,000169129;936,139104;;-0,000158461;890,126237;;0,001126326;3484,57;;;;
0,00666067;;0,00050788;7593,88308;;0,000610412;982,3015023;;-0,000877928;1035,960762;;-0,000196528;1192,040666;;0,000502778;1016,10317;;0,000504873;13357,70874;;0,000532058;13310,02935;;0,000748671;936,570813;;0,001203126;890,545243;;0,001411334;3483,25;;;;
-0,012131387;;0,00050788;7597,73986;;0,000604665;982,9011105;;0,001541421;1035,051263;;0,002529833;1191,806397;;0,000354786;1016,614044;;0,000526924;13364,45268;;0,000537094;13317,11106;;0,000611805;937,141077;;0,00072679;891,41026;;0,000214403;3489,22;;;;
0,000154423;;0,00050788;7601,5986;;0,000726292;983,4954369;;0,001484391;1036,646713;;-0,000745148;1194,821468;;0,001154584;1016,974724;;0,000496855;13371,49473;;0,000508887;13324,26361;;0,000655693;937,620186;;0,000618638;891,704284;;-0,000594484;3493,15;;;;
-0,00614579;;0,00050788;7605,4593;;0,000631532;984,2097417;;0,005742909;1038,185502;;0,001356857;1193,931149;;3,68E-05;1018,148907;;0,000491843;13378,13842;;0,000517954;13331,04416;;0,000530641;937,778765;;0,000433861;891,562984;;-0,002779724;3498,08;;;;
-0,006105568;;0,000507881;7609,32196;;0,000423767;984,8313013;;0,002496812;1044,147707;;0,002271915;1195,551143;;0,000628255;1018,186397;;0,000499861;13384,71837;;0,000537093;13337,94902;;0,000665242;938,480853;;0,00117674;892,635647;;0,004278713;3498,83;;;;
